generation_formed,score,smiles_str
0,85.10383004667226,O
0,65.4976211076834,C(C(C(C(C(CO)O)O)O)O)(O)=O
0,59.47376559402316,C(C(C(C(C(CO)O)O)O)O)O
0,39.97354443925421,C(CO)=O
0,27.794689117185655,C(C(C(C(C(CO)O)O)O)O)=O
1,24.425075791729498,C(C)(CO)=O
1,23.136034681764315,C(C(CO)O)=O
1,22.851241077249753,C(C(C(CO)O)O)(CCO)=O
1,22.31205770275544,C(C(CO)O)(CC(CO)O)=O
1,21.339725654525566,C=O
1,21.318430035328376,C(CO)(CC(C(CO)O)O)=O
1,20.450066360249068,C(CO)(CCO)=O
0,20.222833110904205,C(C(C(C=O)O)O)(CCO)=O
1,20.11354612472921,C(C)(C(C(C(CO)O)O)O)=O
1,19.52858544951293,C(C)(C(CO)O)=O
0,18.78643660254299,C(C(C(CC(CO)=O)O)O)=O
1,18.45246931824356,C(CC(C(C(CO)O)O)O)=O
0,18.40725077800441,C(C(C(CO)O)O)=O
1,18.392355731758173,C(C(C(CC(CO)=O)O)O)(O)=O
1,18.324684153380687,C(CC(C(C(C(O)=O)O)O)O)=O
1,18.18558707374602,C(C(C(C(C(C)=O)O)O)O)(O)=O
0,18.185090950643527,C(C(C(C(C(C)=O)O)O)O)=O
1,18.184886055835406,C(C(C(CO)O)O)(C(CO)O)=O
0,17.953282520244713,C(CC(C(C(CO)O)O)=O)=O
0,17.81100583514187,C(CC(C(C(C=O)O)O)O)=O
2,17.451315826806123,C(C)(C(C(CO)O)O)=O
0,17.21711677180126,C(CC(C=O)O)(C(CO)O)=O
2,17.08238503437012,C(CO)(CC(CO)O)=O
1,16.893560364213656,C(C(C(C(O)=O)O)O)(CCO)=O
0,16.88319918555196,C(CO)(C(C(C(CO)O)O)O)=O
1,16.70914251294441,C(CC(C(C(CO)O)O)=O)(O)=O
1,16.65095915582485,C(CC(C(O)=O)O)(C(CO)O)=O
1,16.490720960614155,C(C(C(CC(CO)O)=O)O)(O)=O
1,16.37773372915096,C(C(CC(C(CO)O)O)=O)(O)=O
2,16.06276061474334,C(CC(CO)O)=O
2,15.66363627458911,C(C)(C(CC(CO)=O)O)=O
1,15.540866582840565,C(C(C(CO)O)O)(O)=O
0,15.32571586996771,C(C(C(CC(CO)O)=O)O)=O
2,14.576842190883937,C(C(C(CO)O)(C(CO)O)O)(O)=O
2,14.505760761862504,C(CC(C(CCO)=O)O)=O
1,14.417948127561132,C(C(C(CC(C=O)O)O)O)=O
2,14.404341547936085,C(C(CO)O)(O)=O
1,14.391551877558115,C(C(C(CO)O)O)O
2,14.31342442701559,C(CC(CC(CO)=O)O)=O
1,14.312016812106478,C(CO)(C(CO)O)=O
2,13.887714392575319,C(C(C(CC(C=O)O)O)O)(O)=O
2,13.868462543072994,C(CCO)(CC(CO)=O)=O
0,13.759917400381411,C(C(CC(C(CO)O)O)=O)=O
1,13.671994655695627,C(CO)O
1,13.569319957238505,C(CO)(O)=O
2,13.54854410067189,C(C(C(C(CO)O)O)O)=O
2,13.515060833957861,C(C(CO)O)O
2,13.324901372380438,C(CCO)(C(C(C)=O)O)=O
2,13.285269963741186,C(CC(CC(CO)O)=O)=O
2,13.277738680317881,C(C(C)=O)(CC(CO)O)=O
2,13.265054151601973,C(C(CO)O)(CC(C)=O)=O
2,13.160929716378334,C(C(CCO)O)(C(CO)O)=O
2,13.132161068916204,C(CCC=O)(C(CO)O)=O
2,12.980256910622003,C(CO)(C(CC(CO)O)O)=O
2,12.945109700038913,C(C(O)=O)=O
2,12.892603271826985,C(CC(CC(CO)=O)=O)(O)=O
2,12.819449931569281,C(C(C=O)O)(O)=O
2,12.811214787140372,C(CC(CC(C(O)=O)O)=O)=O
2,12.79607110396016,C(CC(C(CC=O)O)=O)(O)=O
2,12.729290326312068,C(CC(CO)=O)(O)=O
2,12.689955224469188,C(C(CCO)O)=O
2,12.670289173908415,C(CC(C(C(C)=O)O)=O)(O)=O
2,12.661157374456408,C(C(CC(C(C)=O)=O)O)(O)=O
2,12.657503020204487,C(C)(C(CC(C(O)=O)=O)O)=O
2,12.645421360805514,C(C(C(CCC=O)=O)O)(O)=O
2,12.637625796906534,C(CO)(CCC(C(O)=O)=O)=O
2,12.63578827697772,C(C(C(O)=O)O)(CC(C)=O)=O
2,12.627588732354226,C(CC(CC(C(O)=O)=O)O)=O
2,12.570023211836698,C(CC(C(CCO)=O)=O)(O)=O
2,12.547288538142922,C(C(C(C)=O)O)(O)=O
2,12.517689657583716,C(CCO)(CC(C(O)=O)=O)=O
2,12.513988591101835,C(C(CC(C(CO)O)O)O)=O
1,12.512787831085618,C(C(CO)O)(CC(CO)=O)=O
2,12.253443179139751,C(CC(C(C(CO)O)O)O)(O)=O
2,11.993456007283996,C(C(C(C(CCO)O)O)O)O
2,11.983396831271122,C(CC(C(C(C(O)=O)O)O)O)(O)=O
2,11.983396814507316,C(C(C(C(CCO)O)O)O)(O)=O
2,11.961840992164682,C(C(C(CO)O)O)(C(C)O)=O
2,11.917089888197253,C(CC(C(C(CO)O)=O)O)(O)=O
1,11.81899600948661,C(CC(C(C(CO)O)=O)O)=O
2,11.809255604934762,C(C(C(C(O)=O)O)O)(C(C)O)=O
2,11.807201220956514,C(C(CC(C(CO)=O)O)O)(O)=O
2,11.783240108936909,C(CO)=CC(C(CO)O)=O
2,11.715063690510462,C(C(CCO)=O)(CCO)=O
2,11.706539075192879,C(C(C(C(CCO)O)=O)O)(O)=O
2,11.694820442423108,C(C(CO)O)=CC(CO)=O
1,11.654885423555854,C(CC(C(C(CO)=O)O)O)=O
2,11.65482379200391,C=CC(C(C(CO)O)O)=O
2,11.641923028346966,C(C(C(CC(CO)O)O)=O)(O)=O
2,11.631706807133625,C(C(C(C(C)=O)O)O)(O)=O
2,11.576793525670539,C1C(C(C(CCO)(O)O1)O)O
2,11.559489695541444,C(C1(CC(C(CO)O1)O)O)O
2,11.55849467061914,C(CO)(CCC(CO)=O)=O
2,11.537562617403339,C(C(C(C=O)O)O)(O)=O
2,11.51694630396075,C1C(CC(C(CO)O)(O)O1)O
2,11.450928812217782,C(CC(C(C(CO)=O)O)O)(O)=O
2,11.450928795453976,C(CO)(C(C(CCO)O)O)=O
2,11.429631297779153,C1C(C(CC(CO)(O)O1)O)O
2,11.41603652336623,CO
2,11.41603652336623,C(O)=O
2,11.380216363188694,C(C(CC=O)O)(O)=O
2,11.357106932741473,C(C(C)=O)(O)=O
2,11.356842643883894,CC1(C(C(C(CO)O1)O)O)O
2,11.323035641875933,C(C(C(CO)O)O)=CC=O
2,11.315941569697927,C(C(CCO)=O)(O)=O
2,11.312976449099253,C(C(C(C=CC=O)O)O)(O)=O
2,11.312976449099253,C(C1(C(C(CC1O)O)O)O)(O)=O
2,11.297617738437722,C(C(C=CC(CO)=O)O)(O)=O
2,11.286194547382067,C(C(CC(CO)=O)O)(O)=O
2,11.223949545365642,C(C(C1C(CC(O)O1)O)O)O
2,11.223949545365642,C(C1C(C(CC(O)O1)O)O)O
2,11.223927405034075,C(C1C(CC(CO)(O1)O)O)(O)=O
2,11.213890352588962,C(C(C1C(CC(O)O1)O)O)(O)=O
2,11.213890352588962,C(C1C(C(CC(O1)O)O)O)(O)=O
2,11.204257256653975,C(C1C(C(C(C)(O1)O)O)O)(O)=O
2,11.167409243830363,C(C(C(C(C=C)=O)O)O)(O)=O
2,11.14761794668145,C(C=CC(C(CO)O)=O)(O)=O
1,11.106754794204491,C(C(C(C(CCO)O)O)O)=O
1,11.106754794204491,C(CC(C(C(C=O)O)O)O)(O)=O
2,11.104489506524871,C(C(C(C=CCO)=O)O)(O)=O
2,11.084073553630034,C(C(CO)O)=CC(C(O)=O)=O
2,11.074766697664629,C(CC1(C(C(CO1)O)O)O)(O)=O
2,11.04026577745087,C(C(C1(CC(CO1)O)O)O)(O)=O
2,11.022433149930905,C(C1(CC(C(CO)O1)O)O)(O)=O
2,11.022433149930905,C(C1(CC(C(CO1)O)O)O)(O)=O
2,11.018943081912468,C(CC(C=O)O)(O)=O
2,10.88689984690852,C(CC(CC(C=O)O)=O)(O)=O
2,10.886899830144714,C(CC(C=O)O)(CCO)=O
2,10.867190239322255,C(CC(C(CC(O)=O)O)=O)=O
2,10.867190222558449,C(CC(C(CCO)O)=O)=O
2,10.790583170438069,C(C(C(CC(CO)O)O)O)=O
2,10.790583170438069,C(C(CC(C(C=O)O)O)O)(O)=O
0,10.785656690550852,C1C(C(C(C(C(O)O1)O)O)O)O
2,10.733790952083538,C(C(C(CCC(O)=O)=O)O)=O
2,10.733790935319732,C(C(C(CCCO)=O)O)=O
2,10.72646963160939,C(C(C(C=CC(O)=O)O)O)=O
2,10.726469614845584,C(C(C(C=CCO)O)O)=O
2,10.724874642048846,C(CC(CC(C=O)=O)O)(O)=O
2,10.72487462528504,C(C(CC(CCO)O)=O)=O
2,10.700331365992199,C(CC1C(C(C(O)O1)O)O)(O)=O
2,10.700331349228392,C(CC1C(C(C(O)O1)O)O)O
1,10.556685940548661,C(C(CC(C(CO)=O)O)O)=O
0,10.374262250098283,C(C(C1C(C(C(O)O1)O)O)O)O
2,10.352989986026543,CCO
2,10.352989986026543,C(C)(O)=O
0,10.3495405475375,C(C1C(C(C(C(O)O1)O)O)O)O
2,10.001989106135326,C(C(C(CO)O)(C(CO)O)O)O
2,9.83189449780609,C(C1(C(C(CC1O)O)O)O)O
2,9.732808401295799,C(C1C(C(C(C1O)O)O)O)O
2,9.732808401295799,C(C1C(C(C(C1O)O)O)O)(O)=O
2,9.385342454840313,C(C(CO)O)(C(C(C)=O)O)=O
2,9.327887694653938,C(C(C(CO)O)=O)(CCO)=O
1,9.17810014211561,C(C(C(C(CCO)O)=O)O)=O
1,9.048433308442938,C(C(C(C=O)O)O)(C(C)O)=O
2,8.933814182365197,C1C(C(C(C(CO)O)(O)O1)O)O
1,8.763761104037869,C(C(C(CC(CO)O)O)=O)=O
1,8.718756037368323,C(C)=O
2,8.542376145091723,C(C(CO)(C(CO)O)O)=O
1,8.490647337934817,C(C(CC(C(CO)O)O)O)(O)=O
2,8.306350051844376,C(C(C(C(CCO)O)O)=O)=O
2,8.292233514087158,C(C(C(C(C(C)O)O)=O)O)=O
2,8.273514601820963,C(C(CC(C(C)=O)O)O)(O)=O
2,8.246708927163738,C(CC(C(O)=O)O)(CCO)=O
2,8.237302133301156,C(C(CCC(CO)=O)O)(O)=O
2,8.232512389728683,C(CC(CC(C(O)=O)O)O)=O
2,8.170079160435009,C(C(C=CC(CO)O)O)(O)=O
1,8.087618191912654,C(C(C(C(C)=O)O)O)=O
2,8.03684044403478,C(C(C(CC(CO)O)O)O)(O)=O
2,7.780134161538329,C(C(CCO)O)(O)=O
2,7.760940666845884,C(C(C)O)(O)=O
2,7.712201568600606,C(C1(C(C(C(C1O)O)O)O)O)O
2,7.590703822276439,C(C(CCO)(CC=O)O)(O)=O
2,7.583167620538618,C1(C(C(C(C(C1O)O)O)O)O)O
2,7.573396196192946,C(C(C)(CC(C=O)O)O)(O)=O
2,7.5519355047260195,C(C(C(C=C(CO)O)O)O)=O
2,7.551721355481889,C(C(CO)(CC(CO)O)O)(O)=O
2,7.531329484260525,C(C(C=C(C(CO)O)O)O)=O
2,7.530463923769887,C(C(C(C(C(O)=C)O)O)O)=O
2,7.529850830859389,C(CO)(O)=CC(C(CO)O)=O
2,7.529850830859389,C(C(C(CO)O)O)(O)=CC=O
2,7.499406922212686,C(C(C(C(O)=CCO)O)O)=O
2,7.487907287734445,C(C(C(O)=CC(CO)O)O)=O
1,7.36224192376237,C(C=O)=O
2,7.097840647515725,C(CO)(C(CO)C(C(CO)O)O)=O
2,7.019680074718665,C(C(CO)O)(CC(C(CO)O)O)=O
2,6.99701462623186,C(C(C(C(CO)O)O)O)(CCO)=O
2,6.9188540534348,C(C)(C(CO)(C(C(CO)O)O)O)=O
2,6.448911150288652,C(C(C(C(C(C(C)=O)O)O)O)O)=O
1,6.2606812298296735,C(CC(CO)=O)=O
2,6.122577115264606,C(C(C(C(CC(CO)=O)O)O)O)=O
1,6.11395580421656,C(CC(C=O)O)=O
1,6.057332127424773,C1(C(C(C(C(CO)O)O1)O)O)=O
2,5.7867378958732605,C(C(CO)(C(CC(CO)=O)O)O)=O
1,5.743540852516774,C(CO)(CO)=O
2,5.719066317495774,C(C(CO)(C(C(CC=O)O)O)O)=O
1,5.608122423011694,C1(C(C(C(C(CO)O1)O)O)O)=O
1,5.608122423011694,C(C(C1C(C(C(O)(O)O1)O)O)O)O
1,5.608122423011694,C(C1C(C(C(C(O)(O)O1)O)O)O)O
1,5.608122423011694,C1C(C(C(C(C(O)(O)O1)O)O)O)O
2,5.579969237861108,C(C(CO)(C(C(C(C)=O)O)O)O)=O
1,5.461590224364657,C(C(C(C=O)O)O)=O
1,5.441093343612622,C(C(CCO)=O)=O
1,5.410123820602778,C(CC(CC(CO)=O)=O)=O
2,5.402894693729352,C(C(CO)(C(CC(C=O)O)O)O)=O
2,5.33318951686367,C(C(C(CO)(C)O)O)=O
2,5.318643060815405,C(C(C(CO)C(C(CO)O)O)=O)=O
2,5.295677542057704,C(C(C(C(C(CO)=O)CO)O)O)=O
2,5.283814930776018,C(CO)(C(C(CO)O)O)=O
2,5.25366021629877,C(C(C(C(C=O)O)O)O)(CCO)=O
2,5.217516944114934,C(C(CO)O)(CC(C(C=O)O)O)=O
2,5.175499618356,C(C(C(C(C(C)=O)(CO)O)O)O)=O
2,5.073155525559444,C(C(CO)O)(CCO)=O
2,4.991011853865232,C(C(C(CO)(CCO)O)O)=O
2,4.991011853865232,C(CO)(C(CO)C(CO)O)=O
1,4.989448559423793,C(C(C)=O)=O
2,4.91285125871643,C(C(C(C)(C(CO)O)O)O)=O
2,4.91285125871643,C(C)(C(CO)(C(CO)O)O)=O
1,4.8492562187135935,C(CO)(C(CC(CO)=O)O)=O
1,4.839948102435913,C(C(C(CO)O)(C(CO)O)O)=O
2,4.602791377063725,C(CO)(C(CO)C(C=O)O)=O
1,4.575105720502209,C(CC(CC(C=O)O)=O)=O
2,4.570710362237762,C(C(C(C(CCO)=O)O)O)(C)=O
2,4.488847210607376,C(C(C(CO)(C(CO)O)O)O)=O
2,4.488847210607376,C(CO)(C(CO)(C(CO)O)O)=O
1,4.326136895757984,C(CC(C(CC=O)O)=O)=O
1,4.3147666337433055,C(C(C(C)=O)O)=O
2,4.237577172415215,C(C(C(CO)=O)C(CO)O)=O
2,4.230877256439883,C(C(C(CO)O)(CC=O)O)=O
2,4.218542608735036,C(CC(C(C(C)=O)O)O)=O
1,4.092852400103468,C(C(CC(CO)=O)O)=O
2,4.069924160325784,C(C)(C(C(C(C)=O)O)O)=O
2,4.065249934396591,C(C(C(C)O)O)=O
2,3.986980428523268,C(C(C(C(C)(C(C=O)O)O)O)O)=O
2,3.986980428523268,C(C(C(C=O)O)O)(CC(CO)O)=O
2,3.986980428523268,C(C(C(CO)O)(C(C(C)=O)O)O)=O
2,3.986980428523268,C(C)(C(C(CO)O)(C(C=O)O)O)=O
2,3.977100210683304,C(C(CC(CO)O)=O)=O
2,3.943044002470444,C(CC(C(C(C(C)=O)O)O)O)=O
2,3.908316112658824,C(C(CO)(C(CO)(C)O)O)=O
2,3.843327812454547,C(CC(CO)(C(C=O)O)O)=O
1,3.839512356859516,C(C)(C(C(C(CO)=O)O)O)=O
2,3.8366278964792153,C(C(C(CO)O)C(C=O)O)=O
2,3.802434412366595,C(C(C(CO)(CO)O)O)=O
2,3.772353102988448,C(C(CCO)(C(C=O)O)O)=O
2,3.772353102988448,C(C(C(CO)C(CO)O)=O)=O
2,3.768740614480223,C(C(C(C(C(C=O)O)O)O)O)=O
2,3.768740614480223,C(C(C(CO)O)(C(C=O)O)O)=O
2,3.753159608296003,C(C(C)(C(C=O)O)O)=O
2,3.737299037468504,C(C(C(C(C(CO)O)=O)O)O)(C)=O
2,3.703423067531433,C(C(CO)(CO)O)=O
2,3.6851970400427243,C(C(C(CO)(C)O)O)(CCO)=O
2,3.6851970400427243,C(CO)(C(CO)C(CO)(C)O)=O
2,3.6851970400427243,C(CO)(CC(CO)(CCO)O)=O
2,3.6851970400427243,C(C)(C(C(CO)(CCO)O)O)=O
2,3.67857648020133,C(C(C(C)(C(C=O)O)O)O)=O
2,3.660646373010125,C(C(CC(CO)(C(C=O)O)O)O)=O
2,3.660646373010125,C(CO)(C(C(CO)O)C(C=O)O)=O
2,3.660646373010125,C(CC(C=O)O)(C(C(CO)O)O)=O
2,3.660646373010125,C(C(C(CO)O)(CC(CO)=O)O)=O
2,3.6536926772211453,C(C(C(CO)O)O)(C(CO)CO)=O
2,3.6536926772211453,C(CCO)(C(CO)(C(CO)O)O)=O
2,3.616709967446398,C(CC(C(CC(CO)=O)O)O)=O
2,3.611095919809188,C(C(CO)O)(C(CO)C(CO)O)=O
2,3.611095919809188,C(CC(CO)O)(C(CO)(CO)O)=O
2,3.60703641136631,C(C(CO)O)(CC(CO)(C)O)=O
2,3.60703641136631,C(CO)(CC(C)(C(CO)O)O)=O
2,3.60703641136631,C(C)(C(C(C)(C(CO)O)O)O)=O
2,3.60703641136631,C(C)(C(CO)(C(CO)(C)O)O)=O
2,3.5753865619887373,C(C(C(C(C=O)O)O)O)=O
2,3.566138449660386,C(C(CO)(C(CO)(CCO)O)O)=O
2,3.5341332550857922,C(CO)(CC(C(C(CO)O)O)O)=O
2,3.5341332550857922,C(C)(C(C(C(C(CO)O)O)O)O)=O
2,3.5341332550857922,C(C(C(CO)O)(C(CO)(C)O)O)=O
2,3.487985021970119,C(C(C(C=O)O)O)(C(CO)CO)=O
2,3.487985021970119,C(C(CO)(C(C(CCO)=O)O)O)=O
2,3.487985021970119,C(C(CO)(C(C=O)O)O)(CCO)=O
2,3.487977876863326,C(C(CO)(C(C)(C(CO)O)O)O)=O
2,3.48030396138772,C(CO)(C(CO)CO)=O
2,3.402143366238918,C(C)(C(CO)(CO)O)=O
2,3.308306850097026,C(C(CO)C(C(C(C=O)O)O)O)=O
2,3.303567170700874,C(C(C(C(C(CO)O)O)=O)CO)=O
2,3.303567170700874,C(CC(C(CO)(C(CO)O)O)=O)=O
2,3.300432946137037,C(C(CO)C(C(C(CO)O)O)O)=O
2,3.2453838135813142,C(C(CO)C(C=O)O)(C(CO)O)=O
2,3.2453838135813142,C(C(CO)(CC(C(CO)O)=O)O)=O
2,3.2453838135813142,C(CC(C=O)O)(C(CO)(CO)O)=O
2,3.1830323632572552,C(CO)(CC(CO)(C(CO)O)O)=O
2,3.1830323632572552,C(C)(C(C(CO)(C(CO)O)O)O)=O
2,3.1830323632572552,C(C(C(CO)(C)O)O)(C(CO)O)=O
2,3.1830323632572552,C(CO)(C(CO)(C(CO)(C)O)O)=O
1,3.173963620862808,C(CC(C(CCO)=O)=O)=O
1,3.114990908140201,C(C)(C(CC(C=O)=O)O)=O
2,3.108358596986975,C(C(C(CO)(C)O)O)(O)=O
2,3.085145618370618,C(C(C(C(CO)C(CO)O)=O)O)=O
1,3.084641560516204,C(CCO)(C(C(CO)=O)O)=O
1,3.078951090178337,C1(C(C(C(C(C1)O)O)O)O)=O
1,3.078951090178337,C(C(C=O)O)=O
2,3.070079733920168,C(C(C(C(CCO)=O)O)O)(CO)=O
2,3.06629998465057,C(CC=O)=O
2,3.065140219009365,C(C(CO)(C(CO)O)O)(O)=O
1,3.013239778182353,C(CC(C(C(C)=O)O)=O)=O
2,2.9921352263306042,C(C(CO)(CC(C(C=O)O)O)O)=O
2,2.98930004013225,C(C(C(C(CO)O)O)O)(O)=O
2,2.978139318129863,C(C(CO)O)(C(CO)O)=O
2,2.978139318129863,C(CO)(C(CO)(CO)O)=O
2,2.958367100288044,C(C(C(C(C=O)=O)CO)O)(C)=O
2,2.958367100288044,C(C(CC(C=O)=O)O)(CCO)=O
1,2.955056421062793,C(C(CC(C(C)=O)=O)O)=O
2,2.89608975076105,C(C)(C(C(CC(CO)=O)O)O)=O
1,2.842554807267036,C(CCO)(CC(C=O)=O)=O
2,2.830959617695655,C(C(CO)O)(CC(C(CO)O)=O)=O
2,2.830959617695655,C(C(CO)O)(C(C(CO)=O)CO)=O
2,2.830959617695655,C(C(CO)(CO)O)(CC(CO)=O)=O
1,2.794818225852098,C(C(C=O)O)(CC(C)=O)=O
2,2.776267896941747,C(C(CO)C(C(C(CO)O)=O)O)=O
2,2.776267896941747,C(C(CO)(CC=O)O)(C(CO)O)=O
2,2.776267896941747,C(CC(C(C(CO)(CO)O)=O)O)=O
1,2.775863889208879,C(C(C(CCC=O)=O)O)=O
2,2.766180933988537,C(C(C(CO)(CCO)O)O)(O)=O
2,2.7594350870464703,C(CO)(CC(C)O)=O
2,2.7594350870464703,C(C)(C(C(C)O)O)=O
2,2.7594350870464703,C(CC(C)(CO)O)=O
2,2.757905734307017,C(CC(C(C(C(CO)O)=O)O)O)=O
2,2.757905734307017,C(C(CO)C(C(C(CO)=O)O)O)=O
2,2.757905734307017,C(CC(C(C(CO)=O)(CO)O)O)=O
2,2.754014610731858,C(CC(C(CC=O)O)O)=O
1,2.7238483201478383,C(CO)(CCC(C=O)=O)=O
2,2.703866919106688,C(C(CO)(C(C(CCO)O)O)O)=O
2,2.688020338839735,C(C(C(C)(C(CO)O)O)O)(O)=O
1,2.682853497168865,C(C1(C(C(CC1O)O)O)O)=O
1,2.682853497168865,C(C(C(C=CC=O)O)O)=O
1,2.681802156916704,C(C(CO)=O)(CC(CO)O)=O
2,2.67094515410706,C(C(CC(C(C(CO)O)=O)O)O)=O
2,2.67094515410706,C(C(CO)(CC(C(CO)=O)O)O)=O
2,2.67094515410706,C(C(CC(C(CO)=O)(CO)O)O)=O
1,2.6628766577456853,C(CC(CC(C=O)=O)O)=O
2,2.640376530191745,C(CC(C(CO)O)O)=O
2,2.640376530191745,C(C(CO)(C(C)O)O)=O
2,2.596359506202746,C(C)(C(CO)(C(C=O)O)O)=O
1,2.575199570110883,C1(C(C(C(O)OCC1)O)O)=O
2,2.554542041919078,C(CCO)=O
2,2.551104804105009,C(C(C(C(CO)(CCO)O)=O)O)=O
2,2.540813648677315,C(C(CO)(C(C(C(C)O)=O)O)O)=O
2,2.540813648677315,C(C(CO)(C(C=O)O)O)(C(C)O)=O
2,2.540813648677315,C(C(C(C=O)O)O)(C(CO)(C)O)=O
2,2.537512965104427,C(C(C(CO)=O)C(CO)(C)O)=O
2,2.537512965104427,C(CC(C(C(CO)(C)O)O)=O)=O
2,2.537512965104427,C(CO)(CC(CC(CO)=O)O)=O
2,2.537512965104427,C(CC(CO)(CC(CO)=O)O)=O
2,2.537512965104427,C(CC(CO)(C(C(C)=O)O)O)=O
2,2.530813049129094,C(C(C(CO)(C)O)C(C=O)O)=O
2,2.530813049129094,C(C(CC(CC(CO)=O)O)O)=O
2,2.530813049129094,C(C(CC(C(C(C)=O)O)O)O)=O
2,2.530813049129094,C(C(C(CO)(C)O)(CC=O)O)=O
2,2.518351493007388,C(C(C(CO)(CC(CO)O)O)=O)=O
2,2.496619565016474,C(CO)(CC(CO)(CO)O)=O
2,2.496619565016474,C(C)(C(C(CO)(CO)O)O)=O
2,2.496619565016474,C(CO)(C(C(CO)(C)O)O)=O
2,2.476272536045756,C(C(CO)(C(C(C)=O)O)O)=O
2,2.466538255638327,C(C(C(CO)C(C)(CO)O)=O)=O
2,2.466538255638327,C(CC(C(CCO)=O)O)(CO)=O
2,2.466538255638327,C(C(CCO)(CC(CO)=O)O)=O
2,2.466538255638327,C(C(CCO)(C(C(C)=O)O)O)=O
2,2.462925767130103,C(C(C(CO)(C)O)(C(C=O)O)O)=O
1,2.456493060639943,C1(COC(C(C(C1)O)O)O)=O
2,2.447344760945882,C(C(CC(C)(CO)O)=O)=O
2,2.447344760945882,C(C(C)(CC(CO)=O)O)=O
2,2.447344760945882,C(C(C)(C(C(C)=O)O)O)=O
1,2.422635087347474,C(C(C=CC(CO)=O)O)=O
2,2.418454408249702,C(C(C(CO)=O)C(C(CO)O)O)=O
2,2.418454408249702,C(CC(C(C(C(CO)O)O)O)=O)=O
2,2.418454408249702,C(C(CO)(C(CO)(CC=O)O)O)=O
2,2.417257424048032,C(C(C(C)O)O)(CCO)=O
2,2.417257424048032,C(CO)(C(CO)C(C)O)=O
2,2.417257424048032,C(CC(CO)(CCO)O)=O
2,2.41175449227437,C(C(C(C(CO)O)O)C(C=O)O)=O
2,2.41175449227437,C(C(C(C(CO)O)O)(CC=O)O)=O
1,2.411210091388668,C(C(C(C(C=C)=O)O)O)=O
1,2.4040631312642953,C(C=CC(C(CO)O)=O)=O
1,2.3907817188416383,C1(C(C(COC(C1)O)O)O)=O
2,2.377561008161749,C(C(CO)(C(CO)(CO)O)O)=O
2,2.372761632851209,C(C(C(CC(CO)(C)O)=O)O)=O
2,2.372761632851209,C(C(C(C)(CC(CO)=O)O)O)=O
2,2.372761632851209,C(C)(C(C(C(C(C)=O)O)O)O)=O
2,2.372761632851209,C(C(C(C)(C(C(C)=O)O)O)O)=O
1,2.371319442591514,C(C)(C1C(C(C(O1)O)O)O)=O
1,2.352365105948295,C(CC1C(C(C(O)O1)O)O)=O
1,2.347625426552143,C1(C(C(CO)O)OC(C1)O)=O
1,2.345653857639875,C1(C(C(CO)OC(C1)O)O)=O
2,2.33909682889923,C(C(CO)O)(CC(C)O)=O
2,2.33909682889923,C(CC(C)(C(CO)O)O)=O
2,2.33909682889923,C(C)(C(CO)(C(C)O)O)=O
2,2.332619919977035,C(C(C(CO)=O)CO)=O
2,2.332619919977035,C(CC(C(CO)O)=O)=O
1,2.332598361722078,C1(C(COC(C(C1)O)O)O)=O
2,2.325920004001703,C(C(CO)C(C=O)O)=O
2,2.325920004001703,C(C(CO)(CC=O)O)=O
2,2.325368435657467,C(CO)(C(C)O)=O
1,2.287470500520315,C1(C(CO)OC(C(C1)O)O)=O
2,2.266193672618713,C(C(C(CO)O)(C(C)O)O)=O
2,2.265452013886418,C(C(C(CC(CO)=O)=O)CO)=O
2,2.265452013886418,C(CC=O)(C(C(CO)=O)CO)=O
2,2.265452013886418,C(CC(CC(C(CO)O)=O)=O)=O
2,2.264016290730681,C(C(C(CO)(C(CO)O)O)O)(O)=O
2,2.261645210510935,C(C(C(CO)CO)=O)=O
2,2.258032722002711,C(C(CO)(C(C=O)O)O)=O
2,2.253703075996484,C(C(C(CC(C(CO)O)O)=O)O)=O
2,2.253703075996484,C(C(CO)(C(C)(C(C=O)O)O)O)=O
2,2.237487134826254,C(CO)(C(C=CC=O)O)=O
2,2.2157128225778,C(CC(C(C(CO)O)=O)O)(CO)=O
2,2.2157128225778,C(CO)(C(CO)C(C(CO)=O)O)=O
2,2.2157128225778,C(CC(C(CO)=O)O)(C(CO)O)=O
2,2.2157128225778,C(CO)(C(CO)(CC(CO)=O)O)=O
2,2.193876768997754,C(C(CO)C(C=O)O)(CC=O)=O
2,2.193876768997754,C(CC(C=O)O)(C(C=O)CO)=O
2,2.193876768997754,C(C(CO)(CC(CC=O)=O)O)=O
2,2.17416716141149,C(CC(C(C(C=O)CO)=O)O)=O
2,2.17416716141149,C(C(CO)C(C(CC=O)=O)O)=O
2,2.17416716141149,C(C(CO)(CC=O)O)(CC=O)=O
1,2.172360166511382,C1(C(C(O)OCC(C1)O)O)=O
2,2.167868587723817,C(C(C(CCO)=O)O)=O
2,2.154441902018036,C(C(C(CO)(CO)O)O)(CCO)=O
2,2.154441902018036,C(CO)(C(CO)C(CO)(CO)O)=O
2,2.154441902018036,C(CO)(C(C(CO)(CCO)O)O)=O
2,2.150513157783892,C(C(CO)(C(C(C=O)O)O)O)=O
2,2.149938486120548,C(C(CO)(CC(CO)=O)O)=O
2,2.135291607654538,C(CO)(C(CO)(C(C(C)=O)O)O)=O
2,2.135291607654538,C(C)(C(CO)(C(C(CO)=O)O)O)=O
1,2.127232305309619,C1(C(C(O)OC(CO)C1)O)=O
2,2.105167097947444,C(C(CC(CO)(CCO)O)=O)=O
2,2.105167097947444,C(C(C)(C(C(CCO)=O)O)O)=O
2,2.105167097947444,C(CO)(C(CO)C(C(C)=O)O)=O
2,2.105167097947444,C(C(C)(C(C(CO)=O)CO)O)=O
2,2.076281306869234,C(C(CO)O)(CC(CO)(CO)O)=O
2,2.076281306869234,C(CO)(C(C(C)(C(CO)O)O)O)=O
2,2.076281306869234,C(C)(C(CO)(C(CO)(CO)O)O)=O
2,2.072853778093006,C(C)(C(CO)(CC(C=O)=O)O)=O
2,2.072214871249046,C(C(C(C(CCO)=O)=O)CO)=O
2,2.072214871249046,C(CC(C(C(CO)CO)=O)=O)=O
2,2.068643962452072,C1(C(CO)(C(C(C1CO)O)O)O)=O
2,2.06509515603527,C(CCO)(C(C(C(CO)O)=O)O)=O
2,2.06509515603527,C(C(CO)CO)(C(C(CO)=O)O)=O
2,2.064678669511225,C1(C(C(C(C(C1CO)O)O)O)O)=O
2,2.064678669511225,C1(CC(C(C(C1(CO)O)O)O)O)=O
2,2.059473179816152,C(C(C(C(C(C)=O)O)=O)CO)=O
2,2.059473179816152,C(CC(C(C(CCO)=O)O)=O)=O
1,2.059372935048189,C1(C(O)OCC(C(C1)O)O)=O
2,2.054907245165553,C(C(C(C(C(C)=O)=O)CO)O)=O
2,2.054907245165553,C(C(CC(C(CCO)=O)=O)O)=O
2,2.054907245165553,C(C(CO)(CC(C(C)=O)=O)O)=O
2,2.046048098779168,C(CCO)(C(C(C=O)=O)CO)=O
2,2.046048098779168,C(C(CO)CO)(CC(C=O)=O)=O
2,2.042222716449644,C(C(C=O)O)(C(C(C)=O)CO)=O
2,2.042222716449644,C(C(C=O)O)(CC(CCO)=O)=O
2,2.040767874172773,C(C(CO)CC=O)(C(C=O)O)=O
2,2.040767874172773,C(C(CO)CC(C(C=O)O)=O)=O
2,2.036641305847909,C(CC(C(C=O)=O)CO)(CO)=O
2,2.036641305847909,C(CO)(C(CO)CC(C=O)=O)=O
2,2.036641305847909,C(CCC(C=O)=O)(C(CO)O)=O
2,2.033446553698625,C(C(CO)(C(C=CC=O)O)O)=O
2,2.033232404454495,C(C(C(CO)O)=O)(CC(CO)O)=O
2,2.033232404454495,C(C(CO)=O)(C(CO)C(CO)O)=O
2,2.03185156413808,C(CC(C(C(C=O)=O)CO)O)=O
2,2.03185156413808,C(C(CO)C(CC(C=O)=O)O)=O
2,2.027006502798643,C(C(CC(C)(C(CO)O)O)=O)=O
2,2.027006502798643,C(CC(C(C)=O)O)(C(CO)O)=O
2,2.027006502798643,C(C(C)(CC(C(CO)O)=O)O)=O
2,2.024917810759391,C1(C(C(C(O)OCC1CO)O)O)=O
2,2.024917810759391,C1(CCOC(C(C1(CO)O)O)O)=O
1,2.018661843216862,C(C(C(C=CCO)=O)O)=O
1,2.016216642758693,C1(C(O)OC(C(CO)O)C1)=O
2,2.015511017828133,C1(COC(C(C(C1CO)O)O)O)=O
2,2.015511017828133,C1(C(CO)OC(C(C(C1)O)O)O)=O
1,2.014245073846425,C1(C(O)OC(CO)C(C1)O)=O
2,2.014184847194586,C(CO)(CC(CO)(C)O)=O
2,2.014184847194586,C(C)(C(C(CO)(C)O)O)=O
2,2.014184847194586,C(C(C)O)=O
2,2.012840533233132,C(C(C=CC(C(CO)O)=O)O)=O
2,2.012840533233132,C(C(C=CC(CO)=O)(CO)O)=O
2,2.011974972742494,C(C(CO)(C(C(C=C)=O)O)O)=O
2,2.011974972742494,C(C(C(C(C=C)=O)(CO)O)O)=O
2,2.011361879831995,C(C=CC(C(CO)(CO)O)=O)=O
2,2.010305523476447,C1(C(C(COC(C1CO)O)O)O)=O
2,2.010305523476447,C1(CC(O)OCC(C1(CO)O)O)=O
2,2.008763129426982,C(C1C(C(C(O1)O)O)O)(CCO)=O
2,2.008763129426982,C(C)(C1(CO)C(C(C(O1)O)O)O)=O
2,2.007308288081433,C(C(CO)C1C(C(C(O)O1)O)O)=O
2,2.0068925345082542,C1(C(C(CO)O)OC(C1CO)O)=O
2,2.0068925345082542,C1(CC(OC1(CO)C(CO)O)O)=O
2,2.006737796193804,C1(C(C(CO)OC(C1CO)O)O)=O
2,2.006737796193804,C1(CC(O)OC(CO)C1(CO)O)=O
2,2.00573958603188,C1(C(COC(C(C1CO)O)O)O)=O
2,2.00573958603188,C1(CC(C(O)OCC1(CO)O)O)=O
2,2.002171861543204,C1(C(CO)OC(C(C1CO)O)O)=O
2,2.002171861543204,C1(CC(C(OC1(CO)CO)O)O)=O
2,2.002093681669678,C(C(C(CO)O)(C(C)O)O)(O)=O
2,1.993055056384648,C1(C(C(O)OCC(C1CO)O)O)=O
2,1.993055056384648,C1(CC(COC(C1(CO)O)O)O)=O
2,1.989487330498989,C1(C(C(O)OC(CO)C1CO)O)=O
2,1.989487330498989,C1(CC(CO)OC(C1(CO)O)O)=O
2,1.984138749143924,C1(C(O)OCC(C(C1CO)O)O)=O
2,1.9807257620383751,C1(C(O)OC(C(CO)O)C1CO)=O
2,1.980571022326942,C1(C(O)OC(CO)C(C1CO)O)=O
2,1.978431555977906,C(CC(C)=O)=O
2,1.9722872530807511,C(CC1C(C(C(O1)=O)O)O)=O
2,1.96119931393757,C1(C(C(C(C(C)=O)O1)O)O)=O
2,1.9541033465181252,C(C(CC(C(C(CO)O)O)O)=O)=O
2,1.9391501998294842,C(C1(CO)C(CC(CO)(O1)O)O)=O
2,1.936533990385826,C1(COC(C(C(C1)O)O)(O)O)=O
2,1.935815300396527,C(C1(CO)C(C(C(C)(O1)O)O)O)=O
2,1.9343604571883342,C(C(CO)(C1C(CC(O)O1)O)O)=O
2,1.9343604571883342,C(C1(CO)C(C(CC(O1)O)O)O)=O
2,1.9339447064091222,C(C(CO)C1(C(C(CO1)O)O)O)=O
2,1.931286680581863,C(CC1C(C(C(O)(O)O1)O)O)=O
2,1.920198741438682,C(C)(C1C(C(C(O1)(O)O)O)O)=O
2,1.9166942421112911,C(C(CO)(C1(CC(CO1)O)O)O)=O
2,1.9150927807901752,C(CC(CO)(C(CO)O)O)=O
2,1.9150927807901752,C(C(C(C)O)O)(C(CO)O)=O
2,1.9150927807901752,C(CO)(C(CO)(C(C)O)O)=O
2,1.89512629033986,C(C(CO)(C(C(CO)O)O)O)=O
2,1.8866476435911612,C1(C(CO)OCC(C(C1O)O)O)=O
2,1.8866476435911612,C1(COCC(C(C1(CO)O)O)O)=O
2,1.8832346553214592,C1(C(CO)OC(C(CO)O)C1O)=O
2,1.8832346553214592,C1(COC(C(CO)O)C1(CO)O)=O
2,1.8830799167741792,C1(C(CO)OC(C(C1O)O)CO)=O
2,1.8830799167741792,C1(COC(CO)C(C1(CO)O)O)=O
2,1.874690354871447,C=CC(CO)=O
1,1.8729213006560461,C(C(CO)O)=CC(C=O)=O
2,1.8404190145198962,C(C(C(C)O)O)(O)=O
2,1.839462032145704,C(C(C)=O)(C)=O
2,1.8335793489356291,C1(CC(C(C(CO)O)O1)=O)=O
2,1.812418082333054,C(C(C(C=O)O)O)(C(CO)O)=O
2,1.8074125746031062,C1(C(CC(C(CO)O)O1)=O)=O
2,1.807191056269105,C1(C(C(C(O)(O)OCC1)O)O)=O
2,1.792578776436742,C1(CC(C(C(CO)O1)O)=O)=O
2,1.792578776436742,C1(C(C(CO)O)OC(C1)(O)O)=O
2,1.792578776436742,C1(C(C(CO)OC(C1)(O)O)O)=O
2,1.792578776436742,C1(C(C(COC(C1)(O)O)O)O)=O
2,1.7880128520306902,C1(CC(C(OC1CO)=O)O)=O
2,1.7880128520306902,C1(C(CO)OC(C(C1)O)(O)O)=O
2,1.7880128520306902,C1(C(COC(C(C1)O)(O)O)O)=O
2,1.775328320520814,C1(C(C(CC(CO)O1)=O)O)=O
2,1.775328320520814,C1(C(C(O)(O)OC(CO)C1)O)=O
2,1.775328320520814,C1(C(C(O)(O)OCC(C1)O)O)=O
2,1.766412002104218,C1(C(CC(C(CO)O1)O)=O)=O
2,1.766412002104218,C1(C(O)(O)OC(C(CO)O)C1)=O
2,1.766412002104218,C1(C(O)(O)OC(CO)C(C1)O)=O
2,1.766412002104218,C1(C(O)(O)OCC(C(C1)O)O)=O
2,1.752359928982216,C(C(CO)=O)(C)=O
1,1.679688244778547,C1(C(C(C(C1CO)O)O)O)=O
2,1.651197978714365,C(C(C(C(CC(C=O)O)=O)O)O)=O
2,1.623574424255523,CC1(C(C(C(CO1)O)O)O)O
2,1.618496892577852,C(CC(CO)(C(C(O)=O)O)O)=O
2,1.603002454689588,C(C(CC(CO)(C(CO)O)O)=O)=O
2,1.603002454689588,C(C(C)(C(C(C(CO)O)=O)O)O)=O
2,1.5942780798765601,C(CO)(CC(C(C)=O)=O)=O
2,1.5776034924899,C(C(C(CO)(CO)O)O)(O)=O
1,1.5609817353076072,C(C1C(CC(CO)(O1)O)O)=O
2,1.543909694603528,C(C(C(C(C(C=O)O)O)O)O)(O)=O
1,1.520943432766828,C1C(C(C(O)O1)O)O
1,1.5189644095486732,C(C1C(C(C(C)(O1)O)O)O)=O
1,1.5000100729054542,C(C(C1C(CC(O)O1)O)O)=O
1,1.5000100729054542,C(C1C(C(CC(O1)O)O)O)=O
1,1.5000100729054542,C(C1C(C(C(C1O)O)O)O)=O
1,1.4952703935093021,C(CC1(C(C(CO1)O)O)O)=O
2,1.492136168945464,C1C(C(C(CC(O)O1)O)O)O
2,1.487324285972747,C1(C(C(CC(CO)(O)O1)O)O)=O
2,1.4823755432850452,C(C(C)=O)(C(C(CO)O)O)=O
2,1.482076976168784,C1(C(C(C(CC(O)O1)O)O)O)=O
2,1.470989037025604,C1(C(C(C(C(C)(O)O1)O)O)O)=O
2,1.453745560324635,C(C(C(C)(C(C=O)O)O)O)(O)=O
1,1.437087036389741,C1(CC(C(C1(CO)O)O)O)=O
2,1.413225998706068,C(C(C(C=O)O)O)(CC(C)O)=O
2,1.413225998706068,C(CC(C)(C(C(C=O)O)O)O)=O
2,1.413225998706068,C(C(C(C)O)(C(C(C)=O)O)O)=O
2,1.413225998706068,C(C)(C(C(C)O)(C(C=O)O)O)=O
2,1.411187952919747,C(C(CCC(C=O)=O)O)=O
1,1.4059483406132791,C(C1(C(C(C(CO)O1)O)O)O)O
1,1.4059483406132791,C1C(C(C(C(CO)(O)O1)O)O)O
2,1.405025630677003,C(CCC(C(CO)=O)=O)=O
2,1.3983498770509621,C(C(C(CO)=O)O)=O
2,1.38738718030497,C(C(C=CC(C=O)O)O)=O
2,1.381496346159722,C1(C(C(CO1)O)O)=O
2,1.3633095189695021,C(CO)(CC(CO)=O)=O
2,1.357981351856026,C1(C(C(C(CCO)(O)O1)O)O)=O
2,1.3505556421120422,C(C(C(C(C=O)O)O)O)(O)=O
2,1.338803147617611,C1(C(CC(C(CO)O)(O)O1)O)=O
2,1.3336803861426891,C(CC(C(CC(CC=O)O)=O)O)=O
1,1.276848841179046,C(C(C1(CC(CO1)O)O)O)=O
2,1.269573382637347,C(C(C(CO)=O)C(C)O)=O
2,1.269573382637347,C(CC(C(C(C)O)O)=O)=O
2,1.269573382637347,C(CC(CO)(CC=O)O)=O
2,1.267974597704481,C1(C(C(C(C1)O)O)O)=O
2,1.262873466662015,C(C(C(C)O)C(C=O)O)=O
2,1.262873466662015,C(CC(CC(C=O)O)O)=O
2,1.262873466662015,C(C(C(C)O)(CC=O)O)=O
2,1.256843441817793,C1C(C(C(O)(O)O1)O)O
2,1.228679982549395,C(CC(CO)(CO)O)=O
2,1.228679982549395,C(CO)(C(C(C)O)O)=O
2,1.218152497499134,C(CC(C(C(C)=O)=O)O)=O
2,1.20240547654673,C(C(C(CC(CO)=O)=O)C(C)O)=O
2,1.20240547654673,C(CC=O)(C(C(CO)=O)C(C)O)=O
2,1.20240547654673,C(CC(CC(C(C(C)O)O)=O)=O)=O
2,1.20240547654673,C(CC(CC(CC(CO)=O)=O)O)=O
2,1.20240547654673,C(CC(CC=O)(CC(CO)=O)O)=O
2,1.20240547654673,C(CC(CC(CO)(CC=O)O)=O)=O
2,1.1985986731712481,C(C(C(CO)C(C)O)=O)=O
2,1.1985986731712481,C(C(CCO)(CC=O)O)=O
2,1.194986197701539,C(C(C(C)O)(C(C=O)O)O)=O
2,1.183838449139032,C(C(C1CC(C(O)O1)O)O)=O
2,1.183838449139032,C(C1C(CC(C(O1)O)O)O)=O
2,1.183838449139032,C(C1CC(C(C(O1)O)O)O)=O
2,1.183838449139032,C(C1(C(C(C(C1)O)O)O)O)=O
2,1.179405178478803,C(C(CC(C)O)=O)=O
2,1.179405178478803,C(CC(C(C)=O)O)=O
2,1.179405178478803,C(C(C)(CC=O)O)=O
2,1.176680176821421,C(CC(C=CC=O)=O)=O
2,1.168984841159429,C1(C(CC(O)OCC1O)O)=O
2,1.1668986841802251,C(C(C(CO)=O)C(C=O)O)=O
2,1.1668986841802251,C(CC(C(C(C=O)O)O)=O)=O
2,1.165417113876785,C1(C(CO)OC(CC1O)O)=O
1,1.163861609715852,C(C1(CC(C(CO)O1)O)O)=O
1,1.163861609715852,C(C1(CC(C(CO1)O)O)O)=O
2,1.160198768204893,C(C(C(C=O)C(C=O)O)O)=O
2,1.140196028700913,C1(C(CO)OC(CO)(C1)O)=O
2,1.140196028700913,C1(C(COC(CO)(C1)O)O)=O
2,1.130830231658067,C(C(C(C)O)C(C=O)O)(CC=O)=O
2,1.130830231658067,C(CC(C=O)O)(C(C=O)C(C)O)=O
2,1.130830231658067,C(CC(CC(C(CC=O)O)O)=O)=O
2,1.130830231658067,C(CC(CC(C=O)O)(CC=O)O)=O
2,1.130830231658067,C(CC(C=O)O)(CC(CC=O)O)=O
2,1.130830231658067,C(C(C(C)O)(CC(CC=O)=O)O)=O
2,1.126005284092273,C(C(C(C(CO)=O)O)O)=O
2,1.118035244359519,C1(C(C(C(CC1O)O)O)O)=O
2,1.111120624071802,C(CC(C(C(C=O)C(C)O)=O)O)=O
2,1.111120624071802,C(C(C(C)O)C(C(CC=O)=O)O)=O
2,1.111120624071802,C(CC(C(CC=O)O)(CC=O)O)=O
2,1.111120624071802,C(CC(CC(C(CC=O)=O)O)O)=O
2,1.111120624071802,C(C(C(C)O)(CC=O)O)(CC=O)=O
2,1.10482205038413,C(C(C(CC(C)O)=O)O)=O
2,1.10482205038413,C(CC(C)(C(C=O)O)O)=O
2,1.095923974714126,C(C(C(C(C=O)=O)CO)O)=O
2,1.091093657142366,C(C(C(C)O)=O)=O
2,1.086891943192925,C(CO)(C(C(C)O)C(C=O)O)=O
2,1.086891943192925,C(CC(C=O)O)(C(C(C)O)O)=O
2,1.086891943192925,C(CC(CO)(CC(C=O)O)O)=O
2,1.086891943192925,C(C(C(C)O)(CC(CO)=O)O)=O
2,1.076730480021681,C(C(CC(C=O)=O)O)=O
2,1.074677612236585,C(CO)(C1C(CC(O1)O)O)=O
2,1.059096160880174,C1(COC(C(CC1O)O)O)=O
2,1.058516677073087,C(C(C)O)(C(C(CO)=O)O)=O
2,1.037171066226321,C(CC(C=O)=O)=O
2,1.022662840504083,C1(COC(C(CO)O)(C1)O)=O
1,1.015922876493889,C1(CC(C(C(CO)O)O1)O)=O
2,1.009807240753318,C(C(C(C(C=O)=O)C(C)O)O)(C)=O
2,1.009807240753318,C(C(CC(C=O)=O)O)(CC(C)O)=O
2,1.009807240753318,C(CC(C(CC(C(C)=O)O)=O)O)=O
2,1.009807240753318,C(C)(C(CC(C=O)(CC=O)O)O)=O
2,1.009807240753318,C(CC(C)(C(CC(C=O)=O)O)O)=O
2,1.009807240753318,C(C)(C(C(C)O)(CC(C=O)=O)O)=O
2,1.009168333909358,C(C(C(C(CCO)=O)=O)C(C)O)=O
2,1.009168333909358,C(CC(C(C(CO)C(C)O)=O)=O)=O
2,1.009168333909358,C(CC(CC(C(CCO)=O)=O)O)=O
2,1.009168333909358,C(CC(C(CCO)=O)(CC=O)O)=O
2,1.009168333909358,C(C(CCO)(CC=O)O)(CC=O)=O
2,1.006757860607351,C(C(C(CO)=O)C(CO)(CO)O)=O
2,1.006757860607351,C(CC(C(C(CO)(CO)O)O)=O)=O
2,1.006757860607351,C(CO)(CC(C(C(CO)=O)O)O)=O
2,1.006757860607351,C(CC(CO)(C(C(CO)=O)O)O)=O
2,1.002147351927008,C(C(C(CC(C=O)O)=O)O)=O
2,1.001632132171537,C(CC(C(C=O)O)O)=O
2,1.000057944632019,C(C(C(CO)(CO)O)C(C=O)O)=O
2,1.000057944632019,C(CC(C(C(C(CO)=O)O)O)O)=O
2,1.000057944632019,C(C(CC(C(C(CO)=O)O)O)O)=O
2,1.000057944632019,C(C(C(CO)(CO)O)(CC=O)O)=O
2,0.9986113808815141,C(C(CO)=O)(C(CCO)O)=O
2,0.9964266424764651,C(C(C(C(C(C)=O)O)=O)C(C)O)=O
2,0.9964266424764651,C(CC(C(C(CC(C)O)=O)O)=O)=O
2,0.9964266424764651,C(CC(CC(C(C(C)=O)O)=O)O)=O
2,0.9964266424764651,C(CC(C(C(C)=O)O)(CC=O)O)=O
2,0.9964266424764651,C(CC(C)(C(C(CC=O)=O)O)O)=O
2,0.9960788475115551,C(C(C)O)(CC(C=O)=O)=O
2,0.9918607078258651,C(C(C(C(C(C)=O)=O)C(C)O)O)=O
2,0.9918607078258651,C(C(CC(C(CC(C)O)=O)=O)O)=O
2,0.9918607078258651,C(CC(C(CC(C(C)=O)=O)O)O)=O
2,0.9918607078258651,C(C)(C(CC(C=O)O)(CC=O)O)=O
2,0.9918607078258651,C(CC(C=O)O)(C(C)(CC=O)O)=O
2,0.9918607078258651,C(C(C(C)O)(CC(C(C)=O)=O)O)=O
2,0.9888027053790871,C(C(CO)=O)=O
2,0.9842172447358031,C(C(C(C(CO)=O)C(C=O)O)O)=O
2,0.98300156143948,C(CCO)(C(C(C=O)=O)C(C)O)=O
2,0.98300156143948,C(C(CO)C(C)O)(CC(C=O)=O)=O
2,0.98300156143948,C(CC(C(CC(CCO)=O)=O)O)=O
2,0.98300156143948,C(CC(C=O)(CC=O)O)(CCO)=O
2,0.98300156143948,C(CC(CCO)(CC(C=O)=O)O)=O
2,0.9826982492347021,C(CC(C(C(C)O)=O)=O)=O
2,0.979176179109956,C(C(C=O)O)(C(C(C)=O)C(C)O)=O
2,0.979176179109956,C(C(C=O)O)(CC(CC(C)O)=O)=O
2,0.979176179109956,C(CC(C(C(CC(C)=O)=O)O)O)=O
2,0.979176179109956,C(CC(C(C=O)O)(CC(C)=O)O)=O
2,0.979176179109956,C(C(C(CC(C)(CC=O)O)=O)O)=O
2,0.977721336833085,C(C(C(C)O)CC=O)(C(C=O)O)=O
2,0.977721336833085,C(C(C(C)O)CC(C(C=O)O)=O)=O
2,0.977721336833085,C(CC(C(C(CCC=O)=O)O)O)=O
2,0.977721336833085,C(CCC(C(C=O)O)(CC=O)O)=O
2,0.977721336833085,C(C(C(CCC(CC=O)O)=O)O)=O
2,0.9735947685082211,C(CC(C(C=O)=O)C(C)O)(CO)=O
2,0.9735947685082211,C(CO)(C(C(C)O)CC(C=O)=O)=O
2,0.9735947685082211,C(CCC(C=O)=O)(C(C(C)O)O)=O
2,0.9735947685082211,C(CC(C(CCC(CO)=O)=O)O)=O
2,0.9735947685082211,C(CO)(CCC(C=O)(CC=O)O)=O
2,0.9735947685082211,C(CC(CCC(C=O)=O)(CO)O)=O
2,0.970400016358937,C(CC(C(C(C=CC=O)O)O)O)=O
2,0.970400016358937,C(C(C(C=CC(CC=O)O)O)O)=O
2,0.970400016358937,C(C(C(C)O)(C(C=CC=O)O)O)=O
2,0.9688050267983931,C(CC(C(C(C=O)=O)C(C)O)O)=O
2,0.9688050267983931,C(C(C(CC(C=O)=O)O)C(C)O)=O
2,0.9688050267983931,C(CC(CC(C=O)(CC=O)O)O)=O
2,0.9688050267983931,C(CC(CC(CC(C=O)=O)O)O)=O
2,0.967971119750175,C(C(C(CO)O)=O)=O
2,0.967971119750175,C(CC(C(CO)=O)O)=O
2,0.967971119750175,C1(C(CC(C1(CO)O)O)O)=O
2,0.9584340356056351,C1(C(CCOC(C1O)O)O)=O
2,0.957483056536759,C(C(C(CO)=O)C(C(C)=O)O)=O
2,0.957483056536759,C(CC(C(C(C(C)=O)O)O)=O)=O
2,0.957483056536759,C(C(C)(C(C=O)C(CO)=O)O)=O
2,0.957483056536759,C(C(C)(C(C(CC=O)=O)O)O)=O
2,0.957483056536759,C(CO)(CC(CC(C=O)=O)O)=O
2,0.957483056536759,C(CC(CO)(CC(C=O)=O)O)=O
2,0.9507831405614271,C(C(C(C=O)C(C(C)=O)O)O)=O
2,0.9507831405614271,C(C(C(C=O)C(C=O)(C)O)O)=O
2,0.9507831405614271,C(CC(C(CC(C=O)=O)O)O)=O
2,0.9507831405614271,C(C(CC(CC(C=O)=O)O)O)=O
2,0.949793995893444,C(C(C=CC(C(C(C)O)O)=O)O)=O
2,0.949793995893444,C(CC(C(C=CC(CO)=O)O)O)=O
2,0.949793995893444,C(C(C=CC(CO)(CC=O)O)O)=O
2,0.949793995893444,C(C(C=CC(CO)=O)(C(C)O)O)=O
2,0.949608957115444,C1(C(C(CC(C1O)O)O)O)=O
2,0.949608957115444,C1(COC(CC(C1O)O)O)=O
2,0.948928435402806,C(CC(C(C(C(C=C)=O)O)O)O)=O
2,0.948928435402806,C(C(C(C(C=C)(CC=O)O)O)O)=O
2,0.948928435402806,C(C(C(C)O)(C(C(C=C)=O)O)O)=O
2,0.948928435402806,C(C(C(C(C=C)=O)(C(C)O)O)O)=O
2,0.9483153424923081,C(CC(C=CC(C(CO)O)=O)O)=O
2,0.9483153424923081,C(CC(C=CC=O)(C(CO)O)O)=O
2,0.9483153424923081,C(C=CC(C(CO)(C(C)O)O)=O)=O
2,0.9454911975887371,C(C(C(C(C=C)O)=O)O)=O
2,0.945473019452649,C1(CC(C(C(C1)=O)O)O)=O
2,0.9429856301982661,C(C)(CC(C(C=O)=O)O)=O
2,0.9415307879213941,C(CCC(C(C=O)=O)O)=O
2,0.940415011322941,C(C1C2C(C(C(O)(O2)O1)O)O)O
2,0.9357831511412521,C(C(C(CO)C(CO)(CO)O)=O)=O
2,0.9357831511412521,C(C(CCO)(C(C(CO)=O)O)O)=O
2,0.9308988280360361,C(CC(C(C)=O)=O)=O
1,0.9287343305301621,C1(CC(C(C(CO)O1)O)O)=O
2,0.9237791128222601,C(CO)(C(C(C)=O)O)=O
2,0.9178714338456051,C(CC(C(C(C=CCO)=O)O)O)=O
2,0.9178714338456051,C(CC(C=CCO)(C(C=O)O)O)=O
2,0.9165896564488071,C(C(CC(CO)(CO)O)=O)=O
2,0.9165896564488071,C(C(C)(C(C(CO)=O)O)O)=O
2,0.9063717993673641,C(CC(C(C=CC(CO)O)=O)O)=O
2,0.9063717993673641,C(C(C=CC(CO)O)(CC=O)O)=O
2,0.9047320555661571,C(C)(CC(C=O)=O)=O
1,0.8965063502079581,C1(CC(C(C(CO1)O)O)O)=O
1,0.8965063502079581,C1(COCC(C(C1O)O)O)=O
2,0.8955701419151161,C(C(C(C(C=C)O)O)O)=O
2,0.8955701419151161,C1CC(C(C(C(O)O1)O)O)O
2,0.8955701419151161,C1(CC(C(C(C(O)O1)O)O)O)=O
2,0.8955701419151161,C1(CC(C(C(C=O)O)O1)O)=O
2,0.8955701419151161,C1(CC(C(C(C=O)O1)O)O)=O
2,0.8955701419151161,C(C(C1C(CC(O)(O)O1)O)O)=O
2,0.8955701419151161,C(C1C(C(CC(O1)(O)O)O)O)=O
2,0.89381797013327,C1(C(O)OCC(CC1O)O)=O
2,0.8902502442476111,C1(C(O)OC(CO)CC1O)=O
2,0.8865083470706601,C(C(C)(C(C(C=O)=O)CO)O)=O
2,0.8865083470706601,C(C(CCO)(CC(C=O)=O)O)=O
2,0.882895858562435,C(C(C(C(CC(C=O)=O)O)O)O)=O
2,0.881680884933914,C(C(C(C=O)=O)O)=CCO
2,0.8643881738650381,C1(CC(OCC(C1)=O)O)=O
2,0.862648376915488,C(C1CC(C(CO)(O1)O)O)=O
2,0.862648376915488,C(CO)(C1CC(C(O1)O)O)=O
2,0.854890368250082,C(C1C(CC(C1O)O)=O)=O
2,0.854600857547368,C1(C(CC(C(CO)O)O1)O)=O
2,0.854446117835934,C1(C(CC(C(CO)O1)O)O)=O
1,0.8533500579184621,C1(COC(C(CO)O)C1O)=O
1,0.8513784890061941,C1(COC(CO)C(C1O)O)=O
2,0.8485647760796131,C1(COC(C1)O)=O
2,0.842006528354134,C(C(C(CC(CO)(CO)O)=O)O)=O
2,0.842006528354134,C(C)(C(C(C(C(CO)=O)O)O)O)=O
2,0.842006528354134,C(C(C(C)(C(C(CO)=O)O)O)O)=O
2,0.7927317242835421,C(C(C(CC(C(C)=O)O)=O)O)=O
2,0.7927317242835421,C(C(C)(CC(C(C=O)O)=O)O)=O
2,0.7927317242835421,C(C)(C(C(CC(C=O)=O)O)O)=O
2,0.7927317242835421,C(C(C(C)(CC(C=O)=O)O)O)=O
2,0.7838663463013951,C(C)(CC(C(CO)=O)=O)=O
2,0.779710010229494,C(C(C(C(C=O)C(CO)=O)O)O)=O
2,0.779710010229494,C(CC(C(C(C(C=O)O)O)O)=O)=O
2,0.773010094254161,C(C(C(C(C=O)C(C=O)O)O)O)=O
2,0.773010094254161,C(C(C(C(C=O)(CC=O)O)O)O)=O
2,0.761487600812572,C(CC1C(CC(O1)O)=O)=O
2,0.7462452647275061,C(CC(C)O)=O
2,0.7428080269134371,C1(C(CCO)OC(C1O)O)=O
2,0.7428080269134371,C(C(C1(C(CCO1)O)O)O)=O
2,0.741777978441562,C(C=CC=O)=O
2,0.7388166101415411,C(C(C(C(C(CO)=O)O)O)O)=O
2,0.7325168714857431,C1(C(C)OC(C(C1O)O)O)=O
2,0.7325168714857431,C1(C(C(C(C1(C)O)O)O)O)=O
2,0.713498804205912,C(C1C(CC(C1O)=O)O)=O
2,0.710054715815815,C(C1(C(CC(CO)O1)O)O)=O
2,0.710054715815815,C(C1(C(CC(CO1)O)O)O)=O
2,0.7087353007633941,C(C(C(C(C(C=O)=O)CO)O)O)=O
2,0.6895418060709491,C(C(C(CC(C=O)=O)O)O)=O
2,0.6831668975761861,C(C(C(CO)O)O)=CC(O)=O
2,0.6831668975761861,C(C(C1CC(C(O)(O)O1)O)O)O
2,0.6831668975761861,C(C1C(CC(C(O)(O)O1)O)O)O
2,0.6831668975761861,C1C(C(CC(C(O)(O)O1)O)O)O
2,0.68055782229628,C1(C(CC(O)OCC1)=O)=O
2,0.667975758854183,C(C(C(C(C)O)=O)O)=O
2,0.6560316039946631,C=CC(C=O)=O
2,0.648248464288074,C1(CC(OC1C(C)=O)O)=O
2,0.6354622845071141,C(C)(C1CC(C(O)O1)=O)=O
2,0.628224275493878,C1(CCOC(C(C1)=O)O)=O
2,0.614958677976276,C(CC(C(C=O)O)O)(C(C=O)O)=O
2,0.6109647765521661,C(C=CC(CO)=O)(CO)=O
2,0.609734743437613,C(C1(C(CC(C1)=O)O)O)=O
2,0.6094106914940061,C1(COC(C(CC1)=O)O)=O
2,0.593005229206639,C(CC1CC(C(O)O1)=O)=O
2,0.5900251358513491,C(C1C(C(CC1O)O)=O)=O
2,0.581808141036774,C(CC1(CC(CO1)=O)O)=O
2,0.579989334172453,C1(C(O)OCC1)=O
2,0.5437117811058421,C(C=CC(CO)=O)=O
2,0.53452176281705,C1(COC(C(C1)O)O)=O
2,0.524949233583058,C1(COC(CO)(C(C1)O)O)=O
2,0.519943868345465,C1(CC(C(CC1O)=O)O)=O
2,0.510648646927322,C1(CC(C=O)OC(C1)O)=O
2,0.506563270068611,C1(CC(CC(C1O)=O)O)=O
2,0.5019973354180111,C1(C(CC(C(C1)O)O)=O)=O
2,0.49120530178758803,C1C(C2C(C(C(O)(O2)O1)O)O)O
2,0.48373139610036703,C1(CCC(C(C1O)O)=O)=O
2,0.48342974269751005,C(CO)(C(C(CO)(CO)O)O)=O
2,0.466601264732773,C(CC(C(C=C)=O)=O)=O
2,0.45993062348559005,C1C(C(C(C(C=1)=O)O)O)O
2,0.45948154951899806,C(CO)(C(C(C=C)=O)O)=O
2,0.45020472928870003,C1(C(O)OC(C(CO)O)C1O)=O
2,0.45020472928870003,C1(C(O)OC(CO)C(C1O)O)=O
2,0.45020472928870003,C1(C(O)OCC(C(C1O)O)O)=O
2,0.45020472928870003,C1C2C(C(C(C(O)(O2)O1)O)O)O
2,0.44930452813848404,C(C1(C(C=CC1O)O)O)=O
2,0.448680545738782,C(C=CC(C(C)=O)=O)=O
2,0.44770953857793905,C(CC(C=O)=O)=CC=O
2,0.44043449226289505,C=CC(CC(C=O)=O)=O
2,0.434154938626918,C(C(C)(CC(C=O)=O)O)=O
2,0.43102769933163704,C(C1(CCC(C1O)=O)O)=O
2,0.424683535541291,C(C(C=CC(C)=O)=O)=O
2,0.40741604538622805,C1(C(C(C(C1)O)(CO)O)O)=O
2,0.40741604538622805,C1(C(CC(CO)(C1O)O)O)=O
2,0.40741604538622805,C1(COC(CO)(CC1O)O)=O
2,0.40668556799634803,C(C(C(OCC(C)=O)O)O)=O
2,0.40318328428536204,C1(C(CC(C1CO)O)=O)=O
2,0.396561796381022,C(CO)=CC(C(CO)=O)=O
2,0.39524438483628904,C(C(C(C)=O)(C(CO)O)O)=O
2,0.39524438483628904,C1C(C(C(O)O1)(C(CO)O)O)O
2,0.388570998399402,C(CC1(C(CCO1)=O)O)=O
2,0.38368132158636603,C(CC=CC(C=O)=O)=O
2,0.377016511815484,C1(C(CO)C(C(C1)=O)O)=O
2,0.374331567040528,C1(C(C(CO)(O)OCC1)O)=O
2,0.373133966303314,C1(CC(C=O)OC1(C)O)=O
2,0.36044943758740605,C(C1C(CC(C)(O1)O)=O)=O
2,0.357539752102341,C(C1C(C(C(C1)=O)O)O)=O
2,0.357539752102341,C(C1C(CCC(O1)O)=O)=O
2,0.34246881545975305,C1(C(CO)(O)OC(CO)C1)=O
2,0.34246881545975305,C1(C(CO)(O)OCC(C1)O)=O
2,0.34164170334104005,C(C(CC(C=O)O)O)=O
2,0.33707263839885104,C1C2(CC(C(C(O)O1)O2)O)O
2,0.33623745252832304,C1(CC(C=O)(O)OCC1)=O
2,0.33233806730702103,C(CO)(C1(CC(CO1)O)O)=O
2,0.326994830462965,C1(C(C(C(CO)(C1)O)O)O)=O
2,0.326994830462965,C1(C(C(C(C)(C1O)O)O)O)=O
2,0.326994830462965,C1(COC(C)(C(C1O)O)O)=O
2,0.326989850564743,CC1(C2C(C(C(O)O2)O1)O)O
2,0.32683065959706403,C(C1(CCC(CO1)=O)O)=O
2,0.32408016601100104,C1(CC2C(C(C(O)O2)O)O1)O
2,0.32408016601100104,C1(C2C(C(CC(O)O2)O1)O)O
2,0.32324866165861005,C1C(C2C(CC(O)O2)(O)O1)O
2,0.32315207279741304,C1C(C(C(C=1)=O)(CO)O)O
2,0.32309392334416104,C1C2C(C(CC(O)O2)(O)O1)O
2,0.29788068642362503,C1(CC(C(C(C)=O)O1)O)=O
2,0.296425847872044,C1(CC(C(CC=O)O1)O)=O
2,0.29397687276348,C1(CC(C(CCO1)=O)O)=O
2,0.29397687276348,C1(CCOCC(C1O)=O)=O
2,0.288592993351515,C1C2CC(C(C(O)O2)O)(O)O1
2,0.28457008216052804,C1(CC(CC(CO1)=O)O)=O
2,0.28457008216052804,C1(COCC(CC1O)=O)=O
2,0.279092061403091,C1(CCC(OC1CO)=O)=O
2,0.274798651761259,C1(CCC(OCC1O)=O)=O
2,0.274798651761259,C1(C(COCC(C1)=O)O)=O
2,0.274409206188168,C1(COC(C(C)=O)C1O)=O
2,0.27432810289308,C1C2C(CC(C(O)O1)(O)O2)O
2,0.272954363911296,C(CC1C(C(CO1)=O)O)=O
2,0.270915115787531,C(C1C2CC(C(O)O2)(O)O1)O
2,0.270915115787531,C1C(C2CC(C(O)O2)(O)O1)O
2,0.27076037607609804,C1C2C(CC(C(O)O2)(O)O1)O
2,0.267663199058618,C1(C(CO)OCC(C1)=O)=O
2,0.26640753035887604,C1(CC(CC(CO)O1)=O)=O
2,0.264557000901434,C(C1(CC(C(C1)=O)O)O)=O
2,0.262114118388738,C1(CC(CC(CO1)O)=O)=O
2,0.262114118388738,C1(C(COCC(C1)O)=O)=O
2,0.26034718526050005,C1(CC(C(C1CO)=O)O)=O
2,0.256798378843698,C1(COC(CCO)(C1O)O)=O
2,0.256381892319652,C12C(C(C(CC1O)(O)O2)O)O
2,0.254978668014403,C1(C(COC(CO)C1)=O)=O
2,0.235038362978841,C1(CC(CO1)O)=O
2,0.225149776507053,C(C1(C(CCC1O)=O)O)=O
2,0.225149776507053,C(C1(C=CC(C1O)O)O)=O
2,0.225149776507053,C1(C2(C(C(CC2O)O1)O)O)O
2,0.216621033567819,C(CO)(CCOC(C=O)O)=O
2,0.216621033567819,C1CC2(C(C(C(O2)O1)O)O)O
2,0.20721424063656002,C1C(C(OCC(C=1)=O)O)O
2,0.20721424063656002,C1C2(CC(C(C(O2)O1)O)O)O
2,0.20454375604155903,C(C(C1CC(CO1)=O)O)=O
2,0.203678195550921,C1(C(C(C=O)OCC1)O)=O
2,0.203678195550921,C(C(C1C(CCO1)=O)O)=O
2,0.20200874628487503,C1OCC(C(C(C=1)=O)O)O
2,0.20200874628487503,C(OCC(C(C(C)=O)O)O)=O
2,0.20200874628487503,C(CO)(CC(OCC=O)O)=O
2,0.20046635223541,CC1(C2C(C(C(O1)O2)O)O)O
2,0.19901151088986102,C12C(C(C(CC(O)O1)O2)O)O
2,0.19859575731668203,C1OC(C(C=1)=O)C(CO)O
2,0.19859575731668203,C(OC(C(C)=O)C(CO)O)=O
2,0.19844101900223202,C1OC(CO)C(C(C=1)=O)O
2,0.19844101900223202,C(OC(CO)C(C(C)=O)O)=O
2,0.19744280884030802,C1C(O)OCC(C(C=1)=O)O
2,0.19744280884030802,C(C)(C(COC(C=O)O)O)=O
2,0.19744280884030802,C1C(C2(CC(C(O2)O1)O)O)O
2,0.193875084351632,C1C(OC(C(C=1)=O)CO)O
2,0.193875084351632,C(C)(C(CO)OC(C=O)O)=O
2,0.193875084351632,C12C(CC(C(CO)O1)(O)O2)O
2,0.18475827919307602,C1COC(C(C(C=1)=O)O)O
2,0.18475827919307602,C(OCC(CC(CO)=O)O)=O
2,0.18475827919307602,C(C)(C(C(OCC=O)O)O)=O
2,0.18362633844360302,C(C1C2C(CC(O)(O1)O2)O)O
2,0.181190553307417,C(OC(CO)CC(CO)=O)=O
2,0.17584197195235202,C1C(COC(C(C=1)=O)O)O
2,0.17584197195235202,C(C(COC(C(C)=O)O)O)=O
2,0.17584197195235202,C1(C(CC(C(CO1)O)O)O)=O
2,0.175765203148942,C1C(C2C(CC(O)(O2)O1)O)O
2,0.17262119399372,C(C1C(CC(CO)O1)=O)=O
2,0.17227424513537,C1C(CO)OC(C(C=1)=O)O
2,0.17227424513537,C(C(CO)OC(C(C)=O)O)=O
2,0.16356784345104802,C1C2C(C(CC(O)(O2)O1)O)O
2,0.14026021510351,C1(C(CO)CC(C1O)=O)=O
2,0.14026021510351,C1C(C(C(C=1CO)=O)O)O
2,0.14026021510351,C=C1C(C(C(C1O)O)O)=O
2,0.14026021510351,C1(C(C(C(CO)C1O)O)O)=O
2,0.130853422637913,C(C1C(CC(C=O)O1)O)=O
2,0.130853422637913,C(C1C=CC(CO)(O1)O)=O
2,0.130853422637913,C(C1C(C=C(CO)O1)O)=O
2,0.130853422637913,C(CC(CO)(OCC=O)O)=O
2,0.130853422637913,C1(C2C(CC(CO)(O2)O1)O)O
2,0.12763592572871102,C1(COCC1O)=O
2,0.12751852320495502,C(C1C(C(C(C)O1)=O)O)=O
2,0.12751852320495502,C(C1C(C(C(O1)=C)O)O)=O
2,0.12751852320495502,C(C(C(C)(OCC=O)O)O)=O
2,0.12751852320495502,CC12C(C(C(C(O)O1)O2)O)O
2,0.12606367999676202,C1C(C(C(C=1C=O)O)O)O
2,0.12606367999676202,C(C(C1C=CC(O)O1)O)=O
2,0.12606367999676202,C(C(C1C(C=CO1)O)O)=O
2,0.12606367999676202,C(C1C(C=CC(O)O1)O)=O
2,0.12606367999676202,C(C1C(C(C=CO1)O)O)=O
2,0.12606367999676202,C(C(CC(OCC=O)O)O)=O
2,0.12606367999676202,C1(C2C(C(C(C2O)O1)O)O)O
2,0.12606367999676202,C12CC(C(C(C(O)O1)O)O2)O
2,0.12606367999676202,C12CC(C(C(C(O)O1)O2)O)O
2,0.12564792921755,C(CC1C(C(CO1)O)=O)=O
2,0.12564792921755,C1(C(C(CO1)O)O)=CC=O
2,0.12108199503261101,C1(CCC(C1(CO)O)=O)=O
2,0.12108199503261101,C1(C(CO)(CC(C1)=O)O)=O
2,0.11852821307245201,C(C1C(C(C(CO)O1)O)O)=O
2,0.11852821307245201,C1(C(CO)OC(CO)C1O)=O
2,0.11852821307245201,C(C1C(C(C(CO1)O)O)O)=O
2,0.11852821307245201,C1(C(CO)OCC(C1O)O)=O
2,0.10839746491971901,C(C(C1CC(CO1)O)=O)=O
2,0.10839746491971901,C(C(C1OCC(C=1)O)O)=O
2,0.10839746491971901,C(C(C1(C=CCO1)O)O)=O
2,0.099481155816349,C1C(C(CO)OC=1C=O)O
2,0.099481155816349,C(C1(C=CC(CO)O1)O)=O
2,0.099481155816349,C1C(C(COC=1C=O)O)O
2,0.099481155816349,C(C1(C=CC(CO1)O)O)=O
2,0.098409361624974,C1C(C(CO)O)OC(C=1)=O
2,0.086212001927081,C1C(C(CO)OC(C=1)=O)O
2,0.078350866399589,C1C(C(COC(C=1)=O)O)O
2,0.078350866399589,C(C(COCC(CO)=O)O)=O
2,0.078350866399589,C1(C(C(COCC1O)O)O)=O
2,0.078350866399589,C1C2(C(C(C(CO1)O2)O)O)O
2,0.074937878129887,C1(C(C(CO)O)OCC1O)=O
2,0.074937878129887,C1C2(C(C(C(CO)O2)O1)O)O
2,0.074937878129887,C1C2(C(C(C(CO2)O)O1)O)O
2,0.074783139582607,C(C(CO)OCC(CO)=O)=O
2,0.074783139582607,C1(C(C(CO)OCC1O)O)=O
2,0.074783139582607,C1C2(C(C(C(CO2)O1)O)O)O
