generation_formed,random_walk_centrality,smiles_str
0,17149.583333333343,O
1,3337.1500000000005,C=O
1,1308.05,C(C)=O
0,1146.4833333333336,C(CO)=O
0,904.4166666666669,C(C(C(C(C(CO)O)O)O)O)=O
1,836.8666666666668,C(C)(CO)=O
0,713.5412698412705,C(C(C(C(C(CO)O)O)O)O)(O)=O
1,356.9408119658119,C(C(CO)O)=O
1,322.1166666666667,C(C(C)=O)=O
0,255.11666666666665,C(CC(C(C(C=O)O)O)O)=O
1,236.36858974358972,C(CO)(CCO)=O
1,207.98366910866912,C(C)(C(CO)O)=O
0,199.3511904761905,C(C(C(C(C(C)=O)O)O)O)=O
1,195.88611111111112,C(CC(C=O)O)=O
0,177.50747863247864,C(C(C(C=O)O)O)(CCO)=O
0,170.37500000000003,C(C(CC(C(CO)O)O)=O)=O
0,169.7123015873016,C(C(C(CC(CO)=O)O)O)=O
0,163.25747863247864,C(CC(C=O)O)(C(CO)O)=O
1,162.43333333333334,C(CC(CO)=O)=O
1,162.25,C(CO)(CO)=O
0,161.29126984126978,C(C(C(C(C(CO)O)O)O)O)O
1,158.95000000000002,C(C=O)=O
0,158.4539682539683,C(CC(C(C(CO)O)O)=O)=O
0,139.87063492063493,C(C(C(CO)O)O)=O
0,116.94285714285714,C(C(C(CC(CO)O)=O)O)=O
1,103.21581196581197,C(CO)(C(CO)O)=O
1,95.0,C(C(C(CC(C=O)O)O)O)=O
0,93.5,C(CO)(C(C(C(CO)O)O)O)=O
1,85.45833333333334,C(C(C(C(C)=O)O)O)=O
1,82.35277777777777,C(C(CCO)=O)=O
1,69.98333333333333,C(C(C(C)=O)O)=O
1,69.56025641025641,C(CC(C(C(CO)O)=O)O)=O
1,66.06666666666666,C(CC(CC(CO)=O)=O)=O
1,60.97619047619048,C(CC(CC(C=O)O)=O)=O
1,58.892857142857146,C(CC(C(C(CO)=O)O)O)=O
0,54.0,C1C(C(C(C(C(O)O1)O)O)O)O
1,52.58644688644689,C(C(CO)O)(CC(CO)=O)=O
1,49.41666666666667,C(C(CC(CO)=O)O)=O
1,49.0,C(C(CC(C(CO)=O)O)O)=O
1,46.79166666666667,C(C)(C(C(C(CO)=O)O)O)=O
1,45.2,C(CC(C(C(C(O)=O)O)O)O)=O
1,42.75,C(CO)(O)=O
1,41.858333333333334,C(C)(C(CC(C=O)=O)O)=O
1,40.25,C(CO)(C(CC(CO)=O)O)=O
1,37.9,C(CC(C(C(CO)O)O)O)=O
1,36.42619047619048,C(C(C(C(C(C)=O)O)O)O)(O)=O
1,35.7,C(CC(C(CC=O)O)=O)=O
1,32.775,C(C)(C(C(C(CO)O)O)O)=O
1,32.416666666666664,C(C(C(C=O)O)O)(C(C)O)=O
1,31.143589743589743,C(C(C(CO)O)O)(C(CO)O)=O
1,31.104700854700855,C(C(CO)O)(CC(CO)O)=O
1,30.22136752136752,C(C(C(CO)O)O)(CCO)=O
0,29.33333333333333,C(C1C(C(C(C(O)O1)O)O)O)O
1,29.25,C(C(C(C(C=C)=O)O)O)=O
0,29.249999999999996,C(C(C1C(C(C(O)O1)O)O)O)O
1,29.0,C(C(C(CC(CO)O)O)=O)=O
1,28.45,C(C(C(CO)O)O)(O)=O
1,28.0,C(CO)(CCC(C=O)=O)=O
1,27.858333333333327,C(CO)(CC(C(CO)O)O)=O
1,27.73333333333333,C(C(C=O)O)=O
1,26.977777777777774,C(C(C(CC(CO)=O)O)O)(O)=O
1,26.666666666666668,C(C(CC(C(C)=O)=O)O)=O
1,25.424999999999997,C(C(C(C=O)O)O)=O
1,24.616666666666667,C(CC(CC(C=O)=O)O)=O
1,23.833333333333336,C(CCO)(CC(C=O)=O)=O
1,23.416666666666668,C(CC(C(CCO)=O)=O)=O
1,23.333333333333336,C(C(CC(C(CO)O)O)=O)(O)=O
1,22.583333333333332,C(C(C(C(CCO)O)=O)O)=O
1,22.416666666666668,C(CC(C(C(CO)O)O)=O)(O)=O
1,21.733333333333334,C(C(C=O)O)(CC(C)=O)=O
1,21.666666666666668,C(CC(C(C(C)=O)O)=O)=O
1,20.5,C(C(C=CC(CO)=O)O)=O
1,19.688034188034187,C(CC(C(O)=O)O)(C(CO)O)=O
1,19.666666666666668,C(C(C(CCC=O)=O)O)=O
1,17.833333333333332,C1(C(C(C(C(C1)O)O)O)O)=O
1,17.566666666666663,C(C(CO)=O)(CC(CO)O)=O
1,17.5,C(CC(C(C(C=O)O)O)O)(O)=O
1,17.166666666666668,C1(COC(C(C(C1)O)O)O)=O
1,16.333333333333332,C(C=CC(C(CO)O)=O)=O
1,16.166666666666668,C(C(C(C=CC=O)O)O)=O
1,15.166666666666668,C1(C(CO)OC(C(C1)O)O)=O
1,15.166666666666666,C(C)(C1C(C(C(O1)O)O)O)=O
1,15.166666666666666,C1(C(C(O)OCC(C1)O)O)=O
1,15.0,C(C(C(CC(CO)O)=O)O)(O)=O
1,14.499999999999998,C(CC1C(C(C(O)O1)O)O)=O
1,14.166666666666666,C1(C(C(COC(C1)O)O)O)=O
1,14.166666666666666,C1(C(COC(C(C1)O)O)O)=O
1,14.166666666666666,C1(C(C(C(O)OCC1)O)O)=O
1,14.0,C1(C(C(CO)O)OC(C1)O)=O
1,12.688034188034187,C(C(C(C(O)=O)O)O)(CCO)=O
1,12.666666666666666,C1(C(C(O)OC(CO)C1)O)=O
1,12.666666666666664,C(C(CC(C(CO)O)O)O)(O)=O
1,12.533333333333331,C(CCO)(C(C(CO)=O)O)=O
1,12.5,C(C(C(C=CCO)=O)O)=O
1,12.25,C(C1(C(C(CC1O)O)O)O)=O
1,12.166666666666666,C1(C(O)OCC(C(C1)O)O)=O
1,11.833333333333332,C1(CC(C(C(CO)O)O1)O)=O
1,11.666666666666666,C1(C(C(CO)OC(C1)O)O)=O
1,11.5,C(C(C(C(CCO)O)O)O)=O
1,11.333333333333332,C(C(CO)O)=CC(C=O)=O
1,9.666666666666668,C1(C(O)OC(CO)C(C1)O)=O
1,9.166666666666666,C1(C(O)OC(C(CO)O)C1)=O
1,8.833333333333332,C1(CC(C(C(CO)O1)O)O)=O
1,8.5,C1(C(C(C(C(CO)O)O1)O)O)=O
1,7.75,C1(C(C(C(C1CO)O)O)O)=O
1,7.333333333333333,C1(CC(C(C(CO1)O)O)O)=O
1,7.166666666666666,C(CC1(C(C(CO1)O)O)O)=O
1,7.0,C(C1C(CC(CO)(O1)O)O)=O
1,7.0,C(C1C(C(C(C)(O1)O)O)O)=O
1,7.0,C(C1C(C(CC(O1)O)O)O)=O
1,7.0,C1(COCC(C(C1O)O)O)=O
1,6.5,C(C(C1(CC(CO1)O)O)O)=O
1,6.0,C1(CC(C(C1(CO)O)O)O)=O
1,6.0,C1(COC(C(CO)O)C1O)=O
1,6.0,C1(COC(CO)C(C1O)O)=O
1,5.75,C(C(C(CO)O)(C(CO)O)O)=O
1,5.5,C(C(C1C(CC(O)O1)O)O)=O
1,4.5,C(C1(CC(C(CO1)O)O)O)=O
1,4.333333333333333,C(C1C(C(C(C1O)O)O)O)=O
1,4.0,C1C(C(C(C(CO)(O)O1)O)O)O
1,4.0,C1C(C(C(C(C(O)(O)O1)O)O)O)O
1,3.5,C(C1(CC(C(CO)O1)O)O)=O
1,3.5,C1(C(C(C(C(CO)O1)O)O)O)=O
1,3.0,C1C(C(C(O)O1)O)O
1,3.0,C(C1(C(C(C(CO)O1)O)O)O)O
1,3.0,C(C(C1C(C(C(O)(O)O1)O)O)O)O
1,3.0,C(C1C(C(C(C(O)(O)O1)O)O)O)O
1,2.15,C(C(C(CO)O)O)O
1,1.133333333333333,C(CO)O
2,0.0,C1(C(CO)C(C(C1)=O)O)=O
2,0.0,C1(CCC(C(C1O)O)=O)=O
2,0.0,C(C1(CCC(C1O)=O)O)=O
2,0.0,C1(CC(C(CC1O)=O)O)=O
2,0.0,C(C1(CC(C(C1)=O)O)O)=O
2,0.0,C(C1C(CC(C1O)=O)O)=O
2,0.0,C1(C(CC(C1CO)O)=O)=O
2,0.0,C1(CC(C(C(C1)=O)O)O)=O
2,0.0,C1(CC(CC(C1O)=O)O)=O
2,0.0,C(C1C(C(CC1O)O)=O)=O
2,0.0,C(C1C(C(C(C1)=O)O)O)=O
2,0.0,C1(C(CC(C(C1)O)O)=O)=O
2,0.0,C(C1C(CC(C1O)O)=O)=O
2,0.0,C1(C(C(C(C1)O)(CO)O)O)=O
2,0.0,C1(C(CC(CO)(C1O)O)O)=O
2,0.0,C1(C(C(C(CO)(C1)O)O)O)=O
2,0.0,C1(C(C(C(C)(C1O)O)O)O)=O
2,0.0,C1(C(C(CC(C1O)O)O)O)=O
2,0.0,C1C(C(C(C(C=1)=O)O)O)O
2,0.0,C1(C(C(C(C1)O)O)O)=O
2,0.0,C1(C(C(C(CC1O)O)O)O)=O
2,0.0,C1(C(C(C(C(C1CO)O)O)O)O)=O
2,0.0,C(CCO)(C(C(C=O)=O)CO)=O
2,0.0,C(C(CO)CO)(CC(C=O)=O)=O
2,0.0,C(CCO)(C(C(C=O)=O)C(C)O)=O
2,0.0,C(C(CO)C(C)O)(CC(C=O)=O)=O
2,0.0,C(CC(C(CC(CCO)=O)=O)O)=O
2,0.0,C(CC(C=O)(CC=O)O)(CCO)=O
2,0.0,C(CC(CCO)(CC(C=O)=O)O)=O
2,0.0,C(CC(C(C=O)=O)CO)(CO)=O
2,0.0,C(CO)(C(CO)CC(C=O)=O)=O
2,0.0,C(CCC(C=O)=O)(C(CO)O)=O
2,0.0,C(CC(C(C=O)=O)C(C)O)(CO)=O
2,0.0,C(CO)(C(C(C)O)CC(C=O)=O)=O
2,0.0,C(CCC(C=O)=O)(C(C(C)O)O)=O
2,0.0,C(CC(C(CCC(CO)=O)=O)O)=O
2,0.0,C(CO)(CCC(C=O)(CC=O)O)=O
2,0.0,C(CC(CCC(C=O)=O)(CO)O)=O
2,0.0,C(C(C(C(C=O)=O)CO)O)(C)=O
2,0.0,C(C(CC(C=O)=O)O)(CCO)=O
2,0.0,C(C(C(C(C=O)=O)C(C)O)O)(C)=O
2,0.0,C(C(CC(C=O)=O)O)(CC(C)O)=O
2,0.0,C(CC(C(CC(C(C)=O)O)=O)O)=O
2,0.0,C(C)(C(CC(C=O)(CC=O)O)O)=O
2,0.0,C(CC(C)(C(CC(C=O)=O)O)O)=O
2,0.0,C(CC(C(C(C=O)=O)CO)O)=O
2,0.0,C(C(CO)C(CC(C=O)=O)O)=O
2,0.0,C(CC(C(C(C=O)=O)C(C)O)O)=O
2,0.0,C(C(C(CC(C=O)=O)O)C(C)O)=O
2,0.0,C(CC(C(CC(CC=O)O)=O)O)=O
2,0.0,C(CC(CC(C=O)(CC=O)O)O)=O
2,0.0,C(CC(CC(CC(C=O)=O)O)O)=O
2,0.0,C(C(C(C(CCO)=O)=O)CO)=O
2,0.0,C(CC(C(C(CO)CO)=O)=O)=O
2,0.0,C(C(C(C(CCO)=O)=O)C(C)O)=O
2,0.0,C(CC(C(C(CO)C(C)O)=O)=O)=O
2,0.0,C(CC(CC(C(CCO)=O)=O)O)=O
2,0.0,C(CC(C(CCO)=O)(CC=O)O)=O
2,0.0,C(C(CCO)(CC=O)O)(CC=O)=O
2,0.0,C(C(C(CC(CO)=O)=O)CO)=O
2,0.0,C(CC=O)(C(C(CO)=O)CO)=O
2,0.0,C(CC(CC(C(CO)O)=O)=O)=O
2,0.0,C(C(C(CC(CO)=O)=O)C(C)O)=O
2,0.0,C(CC=O)(C(C(CO)=O)C(C)O)=O
2,0.0,C(CC(CC(C(C(C)O)O)=O)=O)=O
2,0.0,C(CC(CC(CC(CO)=O)=O)O)=O
2,0.0,C(CC(CC=O)(CC(CO)=O)O)=O
2,0.0,C(CC(CC(CO)(CC=O)O)=O)=O
2,0.0,C(C(C(C(C(C)=O)O)=O)CO)=O
2,0.0,C(CC(C(C(CCO)=O)O)=O)=O
2,0.0,C(C(C(C(C(C)=O)O)=O)C(C)O)=O
2,0.0,C(CC(C(C(CC(C)O)=O)O)=O)=O
2,0.0,C(CC(CC(C(C(C)=O)O)=O)O)=O
2,0.0,C(CC(C(C(C)=O)O)(CC=O)O)=O
2,0.0,C(CC(C)(C(C(CC=O)=O)O)O)=O
2,0.0,C(CC(C(C(C=O)CO)=O)O)=O
2,0.0,C(C(CO)C(C(CC=O)=O)O)=O
2,0.0,C(CC(C(C(C=O)C(C)O)=O)O)=O
2,0.0,C(C(C(C)O)C(C(CC=O)=O)O)=O
2,0.0,C(CC(C(CC=O)O)(CC=O)O)=O
2,0.0,C(CC(CC(C(CC=O)=O)O)O)=O
2,0.0,C(C(C=O)O)(C(C(C)=O)CO)=O
2,0.0,C(C(C=O)O)(CC(CCO)=O)=O
2,0.0,C(C(C=O)O)(C(C(C)=O)C(C)O)=O
2,0.0,C(C(C=O)O)(CC(CC(C)O)=O)=O
2,0.0,C(CC(C(C(CC(C)=O)=O)O)O)=O
2,0.0,C(CC(C(C=O)O)(CC(C)=O)O)=O
2,0.0,C(C(C(CC(C)(CC=O)O)=O)O)=O
2,0.0,C(C(CO)CC=O)(C(C=O)O)=O
2,0.0,C(C(CO)CC(C(C=O)O)=O)=O
2,0.0,C(C(C(C)O)CC=O)(C(C=O)O)=O
2,0.0,C(C(C(C)O)CC(C(C=O)O)=O)=O
2,0.0,C(CC(C(C(CCC=O)=O)O)O)=O
2,0.0,C(CCC(C(C=O)O)(CC=O)O)=O
2,0.0,C(C(C(CCC(CC=O)O)=O)O)=O
2,0.0,C(C(C(C(C(C)=O)=O)CO)O)=O
2,0.0,C(C(CC(C(CCO)=O)=O)O)=O
2,0.0,C(C(C(C(C(C)=O)=O)C(C)O)O)=O
2,0.0,C(C(CC(C(CC(C)O)=O)=O)O)=O
2,0.0,C(CC(C(CC(C(C)=O)=O)O)O)=O
2,0.0,C(C)(C(CC(C=O)O)(CC=O)O)=O
2,0.0,C(CC(C=O)O)(C(C)(CC=O)O)=O
2,0.0,C(C(CO)C(C=O)O)(CC=O)=O
2,0.0,C(CC(C=O)O)(C(C=O)CO)=O
2,0.0,C(C(C(C)O)C(C=O)O)(CC=O)=O
2,0.0,C(CC(C=O)O)(C(C=O)C(C)O)=O
2,0.0,C(CC(CC(C(CC=O)O)O)=O)=O
2,0.0,C(CC(CC(C=O)O)(CC=O)O)=O
2,0.0,C(CC(C=O)O)(CC(CC=O)O)=O
2,0.0,C(C(C)(C(C(C=O)=O)CO)O)=O
2,0.0,C(C(CCO)(CC(C=O)=O)O)=O
2,0.0,C(C(C(CO)C(C(CO)O)O)=O)=O
2,0.0,C(C(C(C(C=O)=O)CO)O)=O
2,0.0,C(C(C(CO)CO)=O)=O
2,0.0,C(C(C(C(C(C=O)=O)CO)O)O)=O
2,0.0,C(C(C(CO)C(C)(CO)O)=O)=O
2,0.0,C(CC(C(CCO)=O)O)(CO)=O
2,0.0,C(C(CCO)(CC(CO)=O)O)=O
2,0.0,C(C(C(C(CCO)=O)O)O)(C)=O
2,0.0,C(C(CCO)(C(C(C)=O)O)O)=O
2,0.0,C(C(C(CO)C(C)O)=O)=O
2,0.0,C(CC(C(CCO)=O)O)=O
2,0.0,C(C(CCO)(CC=O)O)=O
2,0.0,C(C(C(CO)C(CO)(CO)O)=O)=O
2,0.0,C(C(C(C(CCO)=O)O)O)(CO)=O
2,0.0,C(C(CCO)(C(C(CO)=O)O)O)=O
2,0.0,C(C(C(CO)=O)C(C(C)=O)O)=O
2,0.0,C(CC(C(C(C(C)=O)O)O)=O)=O
2,0.0,C(C(C)(C(C=O)C(CO)=O)O)=O
2,0.0,C(C(C)(C(C(CC=O)=O)O)O)=O
2,0.0,C(CO)(CC(CC(C=O)=O)O)=O
2,0.0,C(CC(CO)(CC(C=O)=O)O)=O
2,0.0,C(C(C(CO)=O)C(C(CO)O)O)=O
2,0.0,C(CC(C(C(C(CO)O)O)O)=O)=O
2,0.0,C(C(C(CO)=O)C(C=O)O)=O
2,0.0,C(CC(C(C(C=O)O)O)=O)=O
2,0.0,C(C(C(CO)=O)CO)=O
2,0.0,C(CC(C(CO)O)=O)=O
2,0.0,C(C(C(C(C=O)C(CO)=O)O)O)=O
2,0.0,C(CC(C(C(C(C=O)O)O)O)=O)=O
2,0.0,C(C(C(CO)=O)C(CO)(C)O)=O
2,0.0,C(CC(C(C(CO)(C)O)O)=O)=O
2,0.0,C(CO)(CC(CC(CO)=O)O)=O
2,0.0,C(CC(CO)(CC(CO)=O)O)=O
2,0.0,C(C)(C(C(CC(CO)=O)O)O)=O
2,0.0,C(CC(CO)(C(C(C)=O)O)O)=O
2,0.0,C(C(C(CO)=O)C(C)O)=O
2,0.0,C(CC(C(C(C)O)O)=O)=O
2,0.0,C(CC(CC(CO)=O)O)=O
2,0.0,C(CC(CO)(CC=O)O)=O
2,0.0,C(C(C(CO)=O)C(CO)(CO)O)=O
2,0.0,C(CC(C(C(CO)(CO)O)O)=O)=O
2,0.0,C(CO)(CC(C(C(CO)=O)O)O)=O
2,0.0,C(CC(CO)(C(C(CO)=O)O)O)=O
2,0.0,C(C(C(CC(C(C)=O)O)=O)O)=O
2,0.0,C(C(C)(CC(C(C=O)O)=O)O)=O
2,0.0,C(C)(C(C(CC(C=O)=O)O)O)=O
2,0.0,C(C(C(C)(CC(C=O)=O)O)O)=O
2,0.0,C(C(C(CC(C(CO)O)O)=O)O)=O
2,0.0,C(C(C(CC(C=O)O)=O)O)=O
2,0.0,C(C(C(CCO)=O)O)=O
2,0.0,C(CC(C(C=O)O)O)(C(C=O)O)=O
2,0.0,C(C(C(CC(CO)(C)O)=O)O)=O
2,0.0,C(C(C(C)(CC(CO)=O)O)O)=O
2,0.0,C(C)(C(C(C(C(C)=O)O)O)O)=O
2,0.0,C(C(C(C)(C(C(C)=O)O)O)O)=O
2,0.0,C(C(C(CC(C)O)=O)O)=O
2,0.0,C(CC(C(C(C)=O)O)O)=O
2,0.0,C(CC(C)(C(C=O)O)O)=O
2,0.0,C(C(C(CC(CO)(CO)O)=O)O)=O
2,0.0,C(C)(C(C(C(C(CO)=O)O)O)O)=O
2,0.0,C(C(C(C)(C(C(CO)=O)O)O)O)=O
2,0.0,C(C(C(C=O)C(C(C)=O)O)O)=O
2,0.0,C(C(C(C=O)C(C=O)(C)O)O)=O
2,0.0,C(CC(C(CC(C=O)=O)O)O)=O
2,0.0,C(C(CC(CC(C=O)=O)O)O)=O
2,0.0,C(C(C(C(CO)O)O)C(C=O)O)=O
2,0.0,C(C(C(C=O)C(C=O)O)O)=O
2,0.0,C(C(CO)C(C=O)O)=O
2,0.0,C(C(C(C(C=O)C(C=O)O)O)O)=O
2,0.0,C(C(C(CO)(C)O)C(C=O)O)=O
2,0.0,C(CC(C(CC(CO)=O)O)O)=O
2,0.0,C(C(CC(CC(CO)=O)O)O)=O
2,0.0,C(CC(C(C(C(C)=O)O)O)O)=O
2,0.0,C(C(CC(C(C(C)=O)O)O)O)=O
2,0.0,C(C(C(C)O)C(C=O)O)=O
2,0.0,C(CC(C(CC=O)O)O)=O
2,0.0,C(CC(CC(C=O)O)O)=O
2,0.0,C(C(C(CO)(CO)O)C(C=O)O)=O
2,0.0,C(CC(C(C(C(CO)=O)O)O)O)=O
2,0.0,C(C(CC(C(C(CO)=O)O)O)O)=O
2,0.0,C(C(C(CO)O)=O)(CC(CO)O)=O
2,0.0,C(C(CO)=O)(C(CO)C(CO)O)=O
2,0.0,C(C(CO)O)(CC(C(CO)O)=O)=O
2,0.0,C(C(CO)O)(C(C(CO)=O)CO)=O
2,0.0,C(CCO)(C(C(C(CO)O)=O)O)=O
2,0.0,C(C(CO)CO)(C(C(CO)=O)O)=O
2,0.0,C(CC(C(C(CO)O)=O)O)(CO)=O
2,0.0,C(CO)(C(CO)C(C(CO)=O)O)=O
2,0.0,C(CC(C(CO)=O)O)(C(CO)O)=O
2,0.0,C(C(C(C(C(CO)O)=O)O)O)(C)=O
2,0.0,C(CC(C(C(C(CO)O)=O)O)O)=O
2,0.0,C(C(CO)C(C(C(CO)=O)O)O)=O
2,0.0,C1(C(CO)OC(C(CO)O)C1O)=O
2,0.0,C1(C(O)OC(C(CO)O)C1CO)=O
2,0.0,C1(C(C(CO)O)OC(C1CO)O)=O
2,0.0,C(C1C(C(C(O1)O)O)O)(CCO)=O
2,0.0,C(C(CO)C1C(C(C(O)O1)O)O)=O
2,0.0,C1(C(CO)OC(C(C1O)O)CO)=O
2,0.0,C1(C(O)OC(CO)C(C1CO)O)=O
2,0.0,C1(C(C(CO)OC(C1CO)O)O)=O
2,0.0,C1(C(C(O)OC(CO)C1CO)O)=O
2,0.0,C1(C(CO)OC(C(C1CO)O)O)=O
2,0.0,C1(C(CO)OCC(C(C1O)O)O)=O
2,0.0,C1(C(O)OCC(C(C1CO)O)O)=O
2,0.0,C1(C(C(COC(C1CO)O)O)O)=O
2,0.0,C1(C(C(O)OCC(C1CO)O)O)=O
2,0.0,C1(C(COC(C(C1CO)O)O)O)=O
2,0.0,C1(C(C(C(O)OCC1CO)O)O)=O
2,0.0,C1(COC(C(C(C1CO)O)O)O)=O
2,0.0,C1(C(CO)OC(C(C(C1)O)O)O)=O
2,0.0,C(C(CO)C(C(C(CO)O)O)O)=O
2,0.0,C(C(C(C(CO)O)O)O)(CCO)=O
2,0.0,C(C(CO)O)(CC(C(CO)O)O)=O
2,0.0,C(CO)(C(CO)C(C(CO)O)O)=O
2,0.0,C(C(C(CO)O)O)(C(CO)CO)=O
2,0.0,C(C(CO)O)(C(CO)C(CO)O)=O
2,0.0,C(CC(C(C=CC(CO)O)=O)O)=O
2,0.0,C(C(C=CC(CO)O)(CC=O)O)=O
2,0.0,C(CC(C(C(C=CCO)=O)O)O)=O
2,0.0,C(CC(C=CCO)(C(C=O)O)O)=O
2,0.0,C(CC(C=CC(C(CO)O)=O)O)=O
2,0.0,C(CC(C=CC=O)(C(CO)O)O)=O
2,0.0,C(CC(C(C(C(C=C)=O)O)O)O)=O
2,0.0,C(C(C(C(C=C)(CC=O)O)O)O)=O
2,0.0,C(C(C=CC(C(CO)O)=O)O)=O
2,0.0,C(C(C=CC(C(C(C)O)O)=O)O)=O
2,0.0,C(CC(C(C=CC(CO)=O)O)O)=O
2,0.0,C(C(C=CC(CO)(CC=O)O)O)=O
2,0.0,C(CC(C(C(C=CC=O)O)O)O)=O
2,0.0,C(C(C(C=CC(CC=O)O)O)O)=O
2,0.0,C(C(C)(CC(C=O)=O)O)=O
2,0.0,C(C(CC(C=O)=O)O)=O
2,0.0,C(C(CC(C)(C(CO)O)O)=O)=O
2,0.0,C(CC(C(C)=O)O)(C(CO)O)=O
2,0.0,C(C(C)(CC(C(CO)O)=O)O)=O
2,0.0,C(C(CC(CO)(CCO)O)=O)=O
2,0.0,C(C(C)(C(C(CCO)=O)O)O)=O
2,0.0,C(CO)(C(CO)C(C(C)=O)O)=O
2,0.0,C(C(C)(C(C(CO)=O)CO)O)=O
2,0.0,C(C(C(CC(C=O)=O)O)O)=O
2,0.0,C(C(CC(C)(CO)O)=O)=O
2,0.0,C(C)(C(CC(CO)=O)O)=O
2,0.0,C(C(C)(CC(CO)=O)O)=O
2,0.0,C(C)(C(C(C(C)=O)O)O)=O
2,0.0,C(C(C)(C(C(C)=O)O)O)=O
2,0.0,C(C(C(C(CC(C=O)=O)O)O)O)=O
2,0.0,C(C(CC(C)O)=O)=O
2,0.0,C(CC(C(C)=O)O)=O
2,0.0,C(C(C)(CC=O)O)=O
2,0.0,C(C(CC(CO)(CO)O)=O)=O
2,0.0,C(C(C)(C(C(CO)=O)O)O)=O
2,0.0,C(C(CC(CO)(C(CO)O)O)=O)=O
2,0.0,C(C(C)(C(C(C(CO)O)=O)O)O)=O
2,0.0,C(CC(C(CO)O)O)=O
2,0.0,C(C(C(C(CO)=O)C(C=O)O)O)=O
2,0.0,C(C(C(C(CC(C=O)O)=O)O)O)=O
2,0.0,C(CO)(C(CO)C(C=O)O)=O
2,0.0,C(C(C(C(CO)=O)O)O)=O
2,0.0,C(C(C(C=O)O)O)(C(CO)O)=O
2,0.0,C(C(CO)O)(CCO)=O
2,0.0,C(C(CO)O)(CC(C(C=O)O)O)=O
2,0.0,C(C(CO)O)(CC(CO)(C)O)=O
2,0.0,C(CO)(CC(C)(C(CO)O)O)=O
2,0.0,C(C)(C(C(C)(C(CO)O)O)O)=O
2,0.0,C(C(CO)O)(CC(C)O)=O
2,0.0,C(CC(C)(C(CO)O)O)=O
2,0.0,C(C(CO)O)(CC(CO)(CO)O)=O
2,0.0,C(CO)(C(C(C)(C(CO)O)O)O)=O
2,0.0,C(CO)(C(C(C)O)C(C=O)O)=O
2,0.0,C(CC(C=O)O)(C(C(C)O)O)=O
2,0.0,C(CC(CO)(CC(C=O)O)O)=O
2,0.0,C(CO)(C(CO)CO)=O
2,0.0,C(CCO)=O
2,0.0,C(C(CO)C(C(C(CO)O)=O)O)=O
2,0.0,C(C(CC(C(C(CO)O)=O)O)O)=O
2,0.0,C(C(CO)O)(C(CO)O)=O
2,0.0,C(C(CO)C1(C(C(CO1)O)O)O)=O
2,0.0,C1(C(CO)(C(C(C1CO)O)O)O)=O
2,0.0,C(C(C(C(C=O)O)O)O)(CCO)=O
2,0.0,C(C(C(C(C(CO)=O)CO)O)O)=O
2,0.0,C(C(C(CO)(C)O)O)(CCO)=O
2,0.0,C(CO)(C(CO)C(CO)(C)O)=O
2,0.0,C(CO)(CC(CO)(CCO)O)=O
2,0.0,C(C)(C(C(CO)(CCO)O)O)=O
2,0.0,C(C(C(C)O)O)(CCO)=O
2,0.0,C(CO)(C(CO)C(C)O)=O
2,0.0,C(CC(CO)(CCO)O)=O
2,0.0,C(C(C(CO)(CO)O)O)(CCO)=O
2,0.0,C(CO)(C(CO)C(CO)(CO)O)=O
2,0.0,C(CO)(C(C(CO)(CCO)O)O)=O
2,0.0,C(C(C(C=O)O)O)(CC(C)O)=O
2,0.0,C(CC(C)(C(C(C=O)O)O)O)=O
2,0.0,C(CC(C(C=O)O)O)=O
2,0.0,C(C(C(C(C(CO)=O)O)O)O)=O
2,0.0,C(CO)(CC(CO)(C)O)=O
2,0.0,C(C)(C(C(CO)(C)O)O)=O
2,0.0,C(C(C(C(CC(CO)=O)O)O)O)=O
2,0.0,C(C(C(C(C(C(C)=O)O)O)O)O)=O
2,0.0,C(CO)(CC(C)O)=O
2,0.0,C(C)(C(C(C)O)O)=O
2,0.0,C(CC(C)(CO)O)=O
2,0.0,C(CO)(CC(CO)(CO)O)=O
2,0.0,C(C)(C(C(CO)(CO)O)O)=O
2,0.0,C(CO)(C(C(CO)(C)O)O)=O
2,0.0,C(CO)(CC(CO)(C(CO)O)O)=O
2,0.0,C(C)(C(C(CO)(C(CO)O)O)O)=O
2,0.0,C(C(C(CO)(C)O)O)(C(CO)O)=O
2,0.0,C(CC(C)O)=O
2,0.0,C(CC(CO)(CO)O)=O
2,0.0,C(CO)(C(C(C)O)O)=O
2,0.0,C(CC(CO)(C(CO)O)O)=O
2,0.0,C(C(C(C)O)O)(C(CO)O)=O
2,0.0,C(CO)(C(C(CO)(CO)O)O)=O
2,0.0,C(C(C(C(C(CO)O)O)=O)CO)=O
2,0.0,C(C(C(C(CO)C(CO)O)=O)O)=O
2,0.0,C(C(CO)C(C=O)O)(C(CO)O)=O
2,0.0,C(C(C(C=O)O)O)(C(CO)CO)=O
2,0.0,C(C(CO)C(C(C(C=O)O)O)O)=O
2,0.0,C(C(CCO)(C(C=O)O)O)=O
2,0.0,C(C(C(CO)C(CO)O)=O)=O
2,0.0,C(CC(CO)(C(C=O)O)O)=O
2,0.0,C(C(C(CO)=O)C(CO)O)=O
2,0.0,C(C(C(C)(C(C=O)O)O)O)=O
2,0.0,C(C(C(CO)O)C(C=O)O)=O
2,0.0,C(C(C)(C(C=O)O)O)=O
2,0.0,C(C(CC(CO)O)=O)=O
2,0.0,C(C(C(C(CO)O)O)O)=O
2,0.0,C(C(C(C)(C(CO)O)O)O)=O
2,0.0,C(C(CC(CO)(C(C=O)O)O)O)=O
2,0.0,C(CO)(C(C(CO)O)C(C=O)O)=O
2,0.0,C(CC(C=O)O)(C(C(CO)O)O)=O
2,0.0,C(C(C(CO)(CCO)O)O)=O
2,0.0,C(CO)(C(CO)C(CO)O)=O
2,0.0,C(C(C(C(C)(C(C=O)O)O)O)O)=O
2,0.0,C(C(C(C=O)O)O)(CC(CO)O)=O
2,0.0,C(C(C(C(C=O)O)O)O)=O
2,0.0,C(C(C(CO)(C)O)O)=O
2,0.0,C(CO)(CC(CO)O)=O
2,0.0,C(C)(C(C(CO)O)O)=O
2,0.0,C(C(C(C(C(C=O)O)O)O)O)=O
2,0.0,C(C(C(C)O)O)=O
2,0.0,C(CC(CO)O)=O
2,0.0,C(C(C(CO)(CO)O)O)=O
2,0.0,C(CO)(C(C(CO)O)O)=O
2,0.0,C(C(C(CO)(C(CO)O)O)O)=O
2,0.0,C(C(CC(C(C(CO)O)O)O)=O)=O
2,0.0,C(CO)(CC(C(C(CO)O)O)O)=O
2,0.0,C(C)(C(C(C(C(CO)O)O)O)O)=O
2,0.0,C(CC(C(O)=O)O)(CCO)=O
2,0.0,C(C(CCC(CO)=O)O)(O)=O
2,0.0,C(C(CC(C(C)=O)O)O)(O)=O
2,0.0,C(CC(CC(C(O)=O)O)O)=O
2,0.0,C(C(CCO)(CC=O)O)(O)=O
2,0.0,C(C(C)(CC(C=O)O)O)(O)=O
2,0.0,C(C(CCO)O)(O)=O
2,0.0,C(C(CO)(CC(CO)O)O)(O)=O
2,0.0,C(C(C=CC(CO)O)O)(O)=O
2,0.0,C(C(C)O)(O)=O
2,0.0,C(C(C(CC(CO)O)O)O)(O)=O
2,0.0,C1(CC(C(C1CO)=O)O)=O
2,0.0,C1(C(CO)CC(C1O)=O)=O
2,0.0,C(C)(CC(C(CO)=O)=O)=O
2,0.0,C(CCC(C(CO)=O)=O)=O
2,0.0,C(CO)(CC(C(C)=O)=O)=O
2,0.0,C1(CC(C(C(C)=O)O1)O)=O
2,0.0,C1(CC(C(CC=O)O1)O)=O
2,0.0,C1(COC(C(C)=O)C1O)=O
2,0.0,C(CC1C(C(CO1)=O)O)=O
2,0.0,C(C)(C1CC(C(O)O1)=O)=O
2,0.0,C(CC1CC(C(O)O1)=O)=O
2,0.0,C1(CC(OC1C(C)=O)O)=O
2,0.0,C(CC1C(CC(O1)O)=O)=O
2,0.0,C1(CC(CC(CO)O1)=O)=O
2,0.0,C1(CCC(OC1CO)=O)=O
2,0.0,C1(C(COC(CO)C1)=O)=O
2,0.0,C1(C(CO)OCC(C1)=O)=O
2,0.0,C1(CC(CC(CO1)O)=O)=O
2,0.0,C1(CCC(OCC1O)=O)=O
2,0.0,C1(CC(C(CCO1)=O)O)=O
2,0.0,C1(CC(CC(CO1)=O)O)=O
2,0.0,C1(C(COCC(C1)O)=O)=O
2,0.0,C1(C(COCC(C1)=O)O)=O
2,0.0,C1(CCOCC(C1O)=O)=O
2,0.0,C1(COCC(CC1O)=O)=O
2,0.0,C1(CCOC(C(C1)=O)O)=O
2,0.0,C1(COC(C(CC1)=O)O)=O
2,0.0,C1(C(CC(O)OCC1)=O)=O
2,0.0,C1(CC(OCC(C1)=O)O)=O
2,0.0,C(CCO)(CC(C(O)=O)=O)=O
2,0.0,C(CO)(CCC(C(O)=O)=O)=O
2,0.0,C(C)(C(CC(C(O)=O)=O)O)=O
2,0.0,C(CC(CC(C(O)=O)=O)O)=O
2,0.0,C(CC(C(CCO)=O)=O)(O)=O
2,0.0,C(CC(CC(CO)=O)=O)(O)=O
2,0.0,C(CC(C(C(C)=O)O)=O)(O)=O
2,0.0,C(CC(C(CC=O)O)=O)(O)=O
2,0.0,C(C(C(O)=O)O)(CC(C)=O)=O
2,0.0,C(C(C(CCC=O)=O)O)(O)=O
2,0.0,C(C(CC(C(C)=O)=O)O)(O)=O
2,0.0,C(CC(CC(C(O)=O)O)=O)=O
2,0.0,C(CC(CC(CO)O)=O)=O
2,0.0,C(CCC=O)(C(CO)O)=O
2,0.0,C(C(C)=O)(CC(CO)O)=O
2,0.0,C(C(CO)O)(CC(C)=O)=O
2,0.0,C(CCO)(C(C(C)=O)O)=O
2,0.0,C(CCO)(CC(CO)=O)=O
2,0.0,C(CO)(CCC(CO)=O)=O
2,0.0,C(C(CCO)=O)(CCO)=O
2,0.0,C(C(C=CC(C)=O)=O)=O
2,0.0,C(CC=CC(C=O)=O)=O
2,0.0,C(C=CC(C(C)=O)=O)=O
2,0.0,C(CC(C=CC=O)=O)=O
2,0.0,C=CC(CC(C=O)=O)=O
2,0.0,C(CC(C(C=C)=O)=O)=O
2,0.0,C(CC(C=O)=O)=CC=O
2,0.0,C(CC=O)=O
2,0.0,C(C(C)=O)(C)=O
2,0.0,C(CC(C)=O)=O
2,0.0,C(C)(CC(C=O)=O)=O
2,0.0,C(CC(C(C)=O)=O)=O
2,0.0,C(CC(C=O)=O)=O
2,0.0,C(CC(C(C(C)=O)=O)O)=O
2,0.0,C(C)(CC(C(C=O)=O)O)=O
2,0.0,C(CCC(C(C=O)=O)O)=O
2,0.0,C(C(CCC(C=O)=O)O)=O
2,0.0,C(C(C)O)(CC(C=O)=O)=O
2,0.0,C(CC(C(C(C)O)=O)=O)=O
2,0.0,C(C(CO)=O)(C)=O
2,0.0,C(C(C)=O)(C(C(CO)O)O)=O
2,0.0,C(C(C(CO)O)=O)(CCO)=O
2,0.0,C(C(CO)O)(C(C(C)=O)O)=O
2,0.0,C(CC1C(C(CO1)O)=O)=O
2,0.0,C(CC1(C(CCO1)=O)O)=O
2,0.0,C(CC1(CC(CO1)=O)O)=O
2,0.0,C(C(C1CC(CO1)O)=O)=O
2,0.0,C(C1C(CC(C=O)O1)O)=O
2,0.0,C(C1C(CC(C)(O1)O)=O)=O
2,0.0,C1(CC(C=O)OC1(C)O)=O
2,0.0,C(C1C(C(C(C)O1)=O)O)=O
2,0.0,C1(CC(CO1)O)=O
2,0.0,C1(COCC1O)=O
2,0.0,C1(C(O)OCC1)=O
2,0.0,C1(COC(C1)O)=O
2,0.0,C(C1C(C(C(CO)O1)O)O)=O
2,0.0,C1(C(CO)OC(CO)C1O)=O
2,0.0,C1(C(CO)(O)OC(CO)C1)=O
2,0.0,C1(C(CO)OC(CO)(C1)O)=O
2,0.0,C1(CC(C=O)(O)OCC1)=O
2,0.0,C(C1(CCC(CO1)=O)O)=O
2,0.0,C(C1C(CCC(O1)O)=O)=O
2,0.0,C1(CC(C=O)OC(C1)O)=O
2,0.0,C(C1C(C(C(CO1)O)O)O)=O
2,0.0,C1(C(CO)OCC(C1O)O)=O
2,0.0,C1(C(CO)(O)OCC(C1)O)=O
2,0.0,C1(C(COC(CO)(C1)O)O)=O
2,0.0,C1(C(C(CO)(O)OCC1)O)=O
2,0.0,C1(COC(CO)(C(C1)O)O)=O
2,0.0,C1(CCC(C1(CO)O)=O)=O
2,0.0,C1(C(CO)(CC(C1)=O)O)=O
2,0.0,C(C1(C(CCC1O)=O)O)=O
2,0.0,C(C1(C(CC(C1)=O)O)O)=O
2,0.0,C(C(C(C)=O)(C(CO)O)O)=O
2,0.0,C(C(C(CO)O)(CC=O)O)=O
2,0.0,C1(C(CC(C(CO)O)O1)=O)=O
2,0.0,C1(CC(C(C(CO)O)O1)=O)=O
2,0.0,C1(C(C(C(C(C)=O)O1)O)O)=O
2,0.0,C(CC1C(C(C(O1)=O)O)O)=O
2,0.0,C1(C(CC(C(CO)O1)O)=O)=O
2,0.0,C1(CC(C(C(CO)O1)O)=O)=O
2,0.0,C1(C(C(CC(CO)O1)=O)O)=O
2,0.0,C1(CC(C(OC1CO)=O)O)=O
2,0.0,C1(C(O)OC(C(CO)O)C1O)=O
2,0.0,C1(C(O)(O)OC(C(CO)O)C1)=O
2,0.0,C1(C(C(CO)O)OC(C1)(O)O)=O
2,0.0,C(C)(C1C(C(C(O1)(O)O)O)O)=O
2,0.0,C(CC1C(C(C(O)(O)O1)O)O)=O
2,0.0,C1(C(O)OC(CO)C(C1O)O)=O
2,0.0,C1(C(O)(O)OC(CO)C(C1)O)=O
2,0.0,C1(C(C(CO)OC(C1)(O)O)O)=O
2,0.0,C1(C(C(O)(O)OC(CO)C1)O)=O
2,0.0,C1(C(CO)OC(C(C1)O)(O)O)=O
2,0.0,C1(C(O)OCC(C(C1O)O)O)=O
2,0.0,C1(C(O)(O)OCC(C(C1)O)O)=O
2,0.0,C1(C(C(COC(C1)(O)O)O)O)=O
2,0.0,C1(C(C(O)(O)OCC(C1)O)O)=O
2,0.0,C1(C(COC(C(C1)O)(O)O)O)=O
2,0.0,C1(C(C(C(O)(O)OCC1)O)O)=O
2,0.0,C1(COC(C(C(C1)O)O)(O)O)=O
2,0.0,C(C(CC(CCO)O)=O)=O
2,0.0,C(CC(C(CCO)O)=O)=O
2,0.0,C(C(C(CCCO)=O)O)=O
2,0.0,C(CC(C=O)O)(CCO)=O
2,0.0,C(CC(CC(C=O)=O)O)(O)=O
2,0.0,C(CC(C(CC(O)=O)O)=O)=O
2,0.0,C(C(C(CCC(O)=O)=O)O)=O
2,0.0,C(CC(CC(C=O)O)=O)(O)=O
2,0.0,C(C(CCO)=O)(O)=O
2,0.0,C(CC(CO)=O)(O)=O
2,0.0,C(C(C(C)=O)O)(O)=O
2,0.0,C(C(CC=O)O)(O)=O
2,0.0,C1C(C(C(C=1CO)=O)O)O
2,0.0,C=C1C(C(C(C1O)O)O)=O
2,0.0,C1C(C(C(C=1C=O)O)O)O
2,0.0,C(C(C(CO)O)O)=CC(O)=O
2,0.0,C=CC(C=O)=O
2,0.0,C(C=CC=O)=O
2,0.0,C(CO)=CC(C(CO)=O)=O
2,0.0,C(CO)(C(C(C=C)=O)O)=O
2,0.0,C(C=CC(CO)=O)(CO)=O
2,0.0,C(CO)(C(C=CC=O)O)=O
2,0.0,C1C(C(CO)O)OC(C=1)=O
2,0.0,C1OC(C(C=1)=O)C(CO)O
2,0.0,C1C(C(CO)OC(C=1)=O)O
2,0.0,C1C(CO)OC(C(C=1)=O)O
2,0.0,C1OC(CO)C(C(C=1)=O)O
2,0.0,C1C(OC(C(C=1)=O)CO)O
2,0.0,C1C(C(COC(C=1)=O)O)O
2,0.0,C1C(COC(C(C=1)=O)O)O
2,0.0,C1OCC(C(C(C=1)=O)O)O
2,0.0,C1COC(C(C(C=1)=O)O)O
2,0.0,C1C(O)OCC(C(C=1)=O)O
2,0.0,C1C(C(OCC(C=1)=O)O)O
2,0.0,C(C(CO)O)=CC(C(O)=O)=O
2,0.0,C(C(C(C=CCO)=O)O)(O)=O
2,0.0,C(C=CC(C(CO)O)=O)(O)=O
2,0.0,C(C(C(C(C=C)=O)O)O)(O)=O
2,0.0,C(C(C=CC(CO)=O)O)(O)=O
2,0.0,C(C(C(C=CC=O)O)O)(O)=O
2,0.0,C(C(C(CO)O)O)=CC=O
2,0.0,C(C(CO)O)=CC(CO)=O
2,0.0,C=CC(C(C(CO)O)O)=O
2,0.0,C(CO)=CC(C(CO)O)=O
2,0.0,C(C=CC(CO)=O)=O
2,0.0,C=CC(CO)=O
2,0.0,C(C(C(C=O)=O)O)=CCO
2,0.0,C(C(C(C(C=C)O)=O)O)=O
2,0.0,C(C(C=CC(C=O)O)O)=O
2,0.0,C1C(C(CO)OC=1C=O)O
2,0.0,C(C1(C=CC(CO)O1)O)=O
2,0.0,C1(C(C(CO1)O)O)=CC=O
2,0.0,C(C(C1OCC(C=1)O)O)=O
2,0.0,C(C(C1(C=CCO1)O)O)=O
2,0.0,C(C1C=CC(CO)(O1)O)=O
2,0.0,C(C1C(C=C(CO)O1)O)=O
2,0.0,C(C1C(C(C(O1)=C)O)O)=O
2,0.0,C(C(C1C=CC(O)O1)O)=O
2,0.0,C(C(C1C(C=CO1)O)O)=O
2,0.0,C1C(C(COC=1C=O)O)O
2,0.0,C(C1(C=CC(CO1)O)O)=O
2,0.0,C(C1C(C=CC(O)O1)O)=O
2,0.0,C(C1C(C(C=CO1)O)O)=O
2,0.0,C1C(C(C(C=1)=O)(CO)O)O
2,0.0,C(C1(C(C=CC1O)O)O)=O
2,0.0,C(C1(C=CC(C1O)O)O)=O
2,0.0,C(C(C(C=CCO)O)O)=O
2,0.0,C(C(C(C(C=C)O)O)O)=O
2,0.0,C(C(C(C=CC(O)=O)O)O)=O
2,0.0,C(CO)(CC(CO)=O)=O
2,0.0,C(CO)(C(C(C)=O)O)=O
2,0.0,C(C(CO)=O)=O
2,0.0,C(C(C(CO)=O)O)=O
2,0.0,C(OC(C(C)=O)C(CO)O)=O
2,0.0,C(C(C(OCC(C)=O)O)O)=O
2,0.0,C(C(CO)OCC(CO)=O)=O
2,0.0,C(C(CO)OC(C(C)=O)O)=O
2,0.0,C(OC(CO)C(C(C)=O)O)=O
2,0.0,C(OC(CO)CC(CO)=O)=O
2,0.0,C(C)(C(CO)OC(C=O)O)=O
2,0.0,C1(COC(C(C1)O)O)=O
2,0.0,C(C(COCC(CO)=O)O)=O
2,0.0,C(C(COC(C(C)=O)O)O)=O
2,0.0,C(OCC(C(C(C)=O)O)O)=O
2,0.0,C(CO)(CC(OCC=O)O)=O
2,0.0,C(OCC(CC(CO)=O)O)=O
2,0.0,C(C)(C(C(OCC=O)O)O)=O
2,0.0,C(C)(C(COC(C=O)O)O)=O
2,0.0,C(CO)(CCOC(C=O)O)=O
2,0.0,C(C(C)=O)(O)=O
2,0.0,C(C(O)=O)=O
2,0.0,C(C(CC(CO)=O)O)(O)=O
2,0.0,C(C(C(C(C)=O)O)O)(O)=O
2,0.0,C(C(C=O)O)(O)=O
2,0.0,C(C(C(C=O)O)O)(O)=O
2,0.0,C(C(C(CO)O)=O)=O
2,0.0,C(CC(C(CO)=O)O)=O
2,0.0,C(C(C(C)O)=O)=O
2,0.0,C(CO)(C(C)O)=O
2,0.0,C1(C(C(CO1)O)O)=O
2,0.0,C(CC(CO)(OCC=O)O)=O
2,0.0,C(C(C(C)(OCC=O)O)O)=O
2,0.0,C(C(CC(OCC=O)O)O)=O
2,0.0,C(C)(C(CO)(C(C=O)O)O)=O
2,0.0,C(C(CCO)O)=O
2,0.0,C(CC(C=O)O)(O)=O
2,0.0,C1(C(C(C(CO)C1O)O)O)=O
2,0.0,C(C(CO)=O)(C(CCO)O)=O
2,0.0,C(C(C)O)(C(C(CO)=O)O)=O
2,0.0,C1(C(C(CO)O)OCC1O)=O
2,0.0,C1(C(CC(C(CO)O)O1)O)=O
2,0.0,C1(C(C(CO)OCC1O)O)=O
2,0.0,C1(C(CC(C(CO)O1)O)O)=O
2,0.0,C1(C(CO)OC(CC1O)O)=O
2,0.0,C1(C(O)OC(CO)CC1O)=O
2,0.0,C1(C(C(COCC1O)O)O)=O
2,0.0,C1(C(CC(C(CO1)O)O)O)=O
2,0.0,C1(C(CC(O)OCC1O)O)=O
2,0.0,C1(C(O)OCC(CC1O)O)=O
2,0.0,C1(COC(C(CC1O)O)O)=O
2,0.0,C1(C(CCOC(C1O)O)O)=O
2,0.0,C(CC(C(C(CO)O)=O)O)(O)=O
2,0.0,C(C(C(CC(CO)O)O)=O)(O)=O
2,0.0,C(C(CC(C(CO)=O)O)O)(O)=O
2,0.0,C(C(C(C(CCO)O)=O)O)(O)=O
2,0.0,C(C(C(CC(C=O)O)O)O)(O)=O
2,0.0,C(C(C(C(O)=O)O)O)(C(C)O)=O
2,0.0,C(C(C(CO)O)O)(C(C)O)=O
2,0.0,C(C(CC(C(CO)O)O)O)=O
2,0.0,C(C(CCO)O)(C(CO)O)=O
2,0.0,C(CO)(C(CC(CO)O)O)=O
2,0.0,C(C(CC(C=O)O)O)=O
2,0.0,C(C(C(C(C)O)=O)O)=O
2,0.0,C(C(C)O)=O
2,0.0,C(C(C(C(CCO)O)O)=O)=O
2,0.0,C(C(C(C(C(C)O)O)=O)O)=O
2,0.0,C(CO)(C1(CC(CO1)O)O)=O
2,0.0,C(CO)(C1C(CC(O1)O)O)=O
2,0.0,C(CO)(C(C(CCO)O)O)=O
2,0.0,C(CC(C(C(CO)=O)O)O)(O)=O
2,0.0,C12C(C(C(CC1O)(O)O2)O)O
2,0.0,C1(C2C(C(C(C2O)O1)O)O)O
2,0.0,C1(COC(C(CO)O)(C1)O)=O
2,0.0,C1(COC(CCO)(C1O)O)=O
2,0.0,C1C2(C(C(C(CO)O2)O1)O)O
2,0.0,C(C1C2CC(C(O)O2)(O)O1)O
2,0.0,C1C(C2C(CC(O)O2)(O)O1)O
2,0.0,CC1(C2C(C(C(O)O2)O1)O)O
2,0.0,C1(CC2C(C(C(O)O2)O)O1)O
2,0.0,C1C2C(C(CC(O)O2)(O)O1)O
2,0.0,C1C2CC(C(C(O)O2)O)(O)O1
2,0.0,C12C(CC(C(CO)O1)(O)O2)O
2,0.0,C1C2(C(C(C(CO1)O2)O)O)O
2,0.0,C1C2C(CC(C(O)O1)(O)O2)O
2,0.0,C1C(C2(CC(C(O2)O1)O)O)O
2,0.0,C1CC2(C(C(C(O2)O1)O)O)O
2,0.0,C1C2(CC(C(C(O)O1)O2)O)O
2,0.0,C(C1(CC(C(CO)O1)O)O)(O)=O
2,0.0,C(CC1(C(C(CO1)O)O)O)(O)=O
2,0.0,C(C(C1(CC(CO1)O)O)O)(O)=O
2,0.0,C1(C(CC(C(CO)O)(O)O1)O)=O
2,0.0,C1(C(C(C(CCO)(O)O1)O)O)=O
2,0.0,C(C1C(CC(CO)(O1)O)O)(O)=O
2,0.0,C(C1C(C(C(C)(O1)O)O)O)(O)=O
2,0.0,C(C(C1C(CC(O)O1)O)O)(O)=O
2,0.0,C(C(C1C(CC(O)O1)O)O)O
2,0.0,CC1(C(C(C(CO)O1)O)O)O
2,0.0,C(C1(CC(C(CO)O1)O)O)O
2,0.0,C1C(C(C(CCO)(O)O1)O)O
2,0.0,C1C(CC(C(CO)O)(O)O1)O
2,0.0,C(C1(C(CC(CO)O1)O)O)=O
2,0.0,C(C1CC(C(CO)(O1)O)O)=O
2,0.0,C(CO)(C1CC(C(O1)O)O)=O
2,0.0,C1(C(CCO)OC(C1O)O)=O
2,0.0,C(C(C1(C(CCO1)O)O)O)=O
2,0.0,C(C(C1CC(C(O)O1)O)O)=O
2,0.0,C1C(C(C(C(CO)O)(O)O1)O)O
2,0.0,C1C(C2CC(C(O)O2)(O)O1)O
2,0.0,C1(C2C(C(CC(O)O2)O1)O)O
2,0.0,C1(C2(C(C(CC2O)O1)O)O)O
2,0.0,C1C(C(C(O)O1)(C(CO)O)O)O
2,0.0,C(CC1C(C(C(O)O1)O)O)O
2,0.0,C(CC1C(C(C(O)O1)O)O)(O)=O
2,0.0,C1(COC(CO)(CC1O)O)=O
2,0.0,C1(COC(C)(C(C1O)O)O)=O
2,0.0,C1C2(C(C(C(CO2)O)O1)O)O
2,0.0,CC1(C2C(C(C(O1)O2)O)O)O
2,0.0,C1C2(C(C(C(CO2)O1)O)O)O
2,0.0,C1C2C(CC(C(O)O2)(O)O1)O
2,0.0,C1C2(CC(C(C(O2)O1)O)O)O
2,0.0,C(C1(CC(C(CO1)O)O)O)(O)=O
2,0.0,C1(C(C(CC(CO)(O)O1)O)O)=O
2,0.0,C1(C(C(C(C(C)(O)O1)O)O)O)=O
2,0.0,C(C1C(C(CC(O1)O)O)O)(O)=O
2,0.0,C(C1C(C(CC(O)O1)O)O)O
2,0.0,CC1(C(C(C(CO1)O)O)O)O
2,0.0,C1C(C(CC(CO)(O)O1)O)O
2,0.0,C(C1(C(CC(CO1)O)O)O)=O
2,0.0,C(C1C(CC(C(O1)O)O)O)=O
2,0.0,C(C1CC(C(C(O1)O)O)O)=O
2,0.0,C1(C(C)OC(C(C1O)O)O)=O
2,0.0,C1(C2C(CC(CO)(O2)O1)O)O
2,0.0,CC12C(C(C(C(O)O1)O2)O)O
2,0.0,C1(COC(CC(C1O)O)O)=O
2,0.0,C12C(C(C(CC(O)O1)O2)O)O
2,0.0,C1(C(C(C(CC(O)O1)O)O)O)=O
2,0.0,C1C(C(C(CC(O)O1)O)O)O
2,0.0,C12CC(C(C(C(O)O1)O)O2)O
2,0.0,C12CC(C(C(C(O)O1)O2)O)O
2,0.0,C1CC(C(C(C(O)O1)O)O)O
2,0.0,C1(CC(C(C(C(O)O1)O)O)O)=O
2,0.0,C(C1(C(C(C(C1O)O)O)O)O)O
2,0.0,C1(C(C(C(C(C1O)O)O)O)O)O
2,0.0,C(C(C(O)=CC(CO)O)O)=O
2,0.0,C(C(C(C(O)=CCO)O)O)=O
2,0.0,C(CO)(O)=CC(C(CO)O)=O
2,0.0,C(C(C(CO)O)O)(O)=CC=O
2,0.0,C(C(C(C(C(O)=C)O)O)O)=O
2,0.0,C(C(C=C(C(CO)O)O)O)=O
2,0.0,C(C(C(C=C(CO)O)O)O)=O
2,0.0,C(C(CO)O)O
2,0.0,C(CC(C(C(CO)O)O)O)(O)=O
2,0.0,C(C(CO)O)(O)=O
2,0.0,C(C(C(C(CO)O)O)O)(O)=O
2,0.0,C(C(C(C(C=O)O)O)O)(O)=O
2,0.0,C(C(C(C(C(C=O)O)O)O)O)(O)=O
2,0.0,C(C(C(C)O)O)(O)=O
2,0.0,C(CC(CO)(C(C(O)=O)O)O)=O
2,0.0,C(C(C(C)(C(C=O)O)O)O)(O)=O
2,0.0,C(C(C(C)(C(CO)O)O)O)(O)=O
2,0.0,C(C(C(CO)(CCO)O)O)(O)=O
2,0.0,C(C(C(CO)(C)O)O)(O)=O
2,0.0,C(C(C(CO)(CO)O)O)(O)=O
2,0.0,C(C(C(CO)(C(CO)O)O)O)(O)=O
2,0.0,C1(CC(C(C(C1(CO)O)O)O)O)=O
2,0.0,C(C)(C(CO)(CC(C=O)=O)O)=O
2,0.0,C(C(CO)(CC=O)O)(CC=O)=O
2,0.0,C(C(CO)(CC(C(C)=O)=O)O)=O
2,0.0,C(C(CO)(CC(CC=O)=O)O)=O
2,0.0,C(C(CO)(CC=O)O)=O
2,0.0,C(C(CO)(CO)O)(CC(CO)=O)=O
2,0.0,C(CO)(C(CO)(CC(CO)=O)O)=O
2,0.0,C(CO)(C(CO)(C(C(C)=O)O)O)=O
2,0.0,C(C)(C(CO)(C(C(CO)=O)O)O)=O
2,0.0,C(CC(C(C(CO)=O)(CO)O)O)=O
2,0.0,C1(COC(C(CO)O)C1(CO)O)=O
2,0.0,C1(COC(CO)C(C1(CO)O)O)=O
2,0.0,C1(CC(O)OC(CO)C1(CO)O)=O
2,0.0,C1(CC(CO)OC(C1(CO)O)O)=O
2,0.0,C1(COCC(C(C1(CO)O)O)O)=O
2,0.0,C1(CC(O)OCC(C1(CO)O)O)=O
2,0.0,C1(CC(COC(C1(CO)O)O)O)=O
2,0.0,C1(CC(C(O)OCC1(CO)O)O)=O
2,0.0,C1(CCOC(C(C1(CO)O)O)O)=O
2,0.0,C(C)(C(CO)(C(C(CO)O)O)O)=O
2,0.0,C(CCO)(C(CO)(C(CO)O)O)=O
2,0.0,C(CC(CO)O)(C(CO)(CO)O)=O
2,0.0,C(C=CC(C(CO)(CO)O)=O)=O
2,0.0,C(C(CO)(C(C(C=C)=O)O)O)=O
2,0.0,C(C(C(C(C=C)=O)(CO)O)O)=O
2,0.0,C(C(C=CC(CO)=O)(CO)O)=O
2,0.0,C(C(CO)(C(C=CC=O)O)O)=O
2,0.0,C(C(CO)(CO)O)=O
2,0.0,C(C)(C(CO)(CO)O)=O
2,0.0,C(C(CO)(CC(CO)=O)O)=O
2,0.0,C(C(CO)(C(C(C)=O)O)O)=O
2,0.0,C(C(CO)(C(C=O)O)O)=O
2,0.0,C(C(CO)(CC=O)O)(C(CO)O)=O
2,0.0,C(CC(C(C(CO)(CO)O)=O)O)=O
2,0.0,C(C(C(CO)(CC(CO)O)O)=O)=O
2,0.0,C(C(CO)(CC(C(CO)=O)O)O)=O
2,0.0,C(C(CC(C(CO)=O)(CO)O)O)=O
2,0.0,C(C(C(C(CO)(CCO)O)=O)O)=O
2,0.0,C(C(CO)(C(CC(C=O)O)O)O)=O
2,0.0,C(C(CO)(CC(C(C=O)O)O)O)=O
2,0.0,C(C(CO)(C(C(C(C)O)=O)O)O)=O
2,0.0,C(C(CO)(C(C=O)O)O)(C(C)O)=O
2,0.0,C(C(C(C=O)O)O)(C(CO)(C)O)=O
2,0.0,C(CO)(C(CO)(CO)O)=O
2,0.0,C(C(CO)(C1(CC(CO1)O)O)O)=O
2,0.0,C(C(CO)(C1C(CC(O)O1)O)O)=O
2,0.0,C(C(CO)(C(C(CCO)O)O)O)=O
2,0.0,C(C(CO)(C(CO)O)O)(O)=O
2,0.0,C(CC(C(CO)(C(CO)O)O)=O)=O
2,0.0,C(C(CO)(CC(C(CO)O)=O)O)=O
2,0.0,C(CC(C=O)O)(C(CO)(CO)O)=O
2,0.0,C(C(CO)(C(C(CCO)=O)O)O)=O
2,0.0,C(C(CO)(C(C=O)O)O)(CCO)=O
2,0.0,C(C(CO)(C(CC(CO)=O)O)O)=O
2,0.0,C(C(CO)(C(C(C(C)=O)O)O)O)=O
2,0.0,C(C(C(C(C(C)=O)(CO)O)O)O)=O
2,0.0,C(C(CO)(C(C(CC=O)O)O)O)=O
2,0.0,C(C(CO)(C(CO)O)O)=O
2,0.0,C(C1(C(C(CC1O)O)O)O)(O)=O
2,0.0,C1(C(CC(C1(CO)O)O)O)=O
2,0.0,C(C1(C(C(C(C1)O)O)O)O)=O
2,0.0,C1(C(C(C(C1(C)O)O)O)O)=O
2,0.0,C(C)(C(C(C)O)(CC(C=O)=O)O)=O
2,0.0,C(C(C(C)O)(CC=O)O)(CC=O)=O
2,0.0,C(C(C(C)O)(CC(C(C)=O)=O)O)=O
2,0.0,C(C(C(C)O)(CC(CC=O)=O)O)=O
2,0.0,C(C(C(C(CO)O)O)(CC=O)O)=O
2,0.0,C(C(C(C(C=O)(CC=O)O)O)O)=O
2,0.0,C(C(C(C)O)(CC=O)O)=O
2,0.0,C(C=CC(C(CO)(C(C)O)O)=O)=O
2,0.0,C(C(C(C)O)(C(C(C=C)=O)O)O)=O
2,0.0,C(C(C(C(C=C)=O)(C(C)O)O)O)=O
2,0.0,C(C(C=CC(CO)=O)(C(C)O)O)=O
2,0.0,C(C(C(C)O)(C(C=CC=O)O)O)=O
2,0.0,C(C(CO)(C(C(CO)O)O)O)=O
2,0.0,C(C(CO)(C(C(C=O)O)O)O)=O
2,0.0,C(C(CO)(C(C)O)O)=O
2,0.0,C(C)(C(CO)(C(C)O)O)=O
2,0.0,C(C(C(C)O)(CC(CO)=O)O)=O
2,0.0,C(C(C(C)O)(C(C(C)=O)O)O)=O
2,0.0,C(C)(C(C(C)O)(C(C=O)O)O)=O
2,0.0,C(C(C(C)O)(C(C=O)O)O)=O
2,0.0,C(CO)(C(CO)(C(C)O)O)=O
2,0.0,C(C(C(CO)O)(C(C)O)O)(O)=O
2,0.0,C(C)(C(CO)(C(CO)O)O)=O
2,0.0,C(C(C(CO)O)(CC(CO)=O)O)=O
2,0.0,C(C(C(CO)O)(C(C(C)=O)O)O)=O
2,0.0,C(C)(C(C(CO)O)(C(C=O)O)O)=O
2,0.0,C(C(C(CO)O)(C(C=O)O)O)=O
2,0.0,C(CO)(C(CO)(C(CO)O)O)=O
2,0.0,C(C(C(CO)O)(C(CO)O)O)(O)=O
2,0.0,C(C(C(CO)O)(C(C)O)O)=O
2,0.0,C(C(CO)(C(CO)(CC=O)O)O)=O
2,0.0,C(C(CO)(C(C)(C(C=O)O)O)O)=O
2,0.0,C(C(C(CO)(C)O)(CC=O)O)=O
2,0.0,C(C(C(CO)(CO)O)(CC=O)O)=O
2,0.0,C(C(CO)(C(C)(C(CO)O)O)O)=O
2,0.0,C(C(CO)(C(CO)(CCO)O)O)=O
2,0.0,C(C(CO)(C(CO)(C)O)O)=O
2,0.0,C(C(CO)(C(CO)(CO)O)O)=O
2,0.0,C(C)(C(CO)(C(CO)(C)O)O)=O
2,0.0,C(C)(C(CO)(C(CO)(CO)O)O)=O
2,0.0,C(C(C(CO)(C)O)(C(C=O)O)O)=O
2,0.0,C(CO)(C(CO)(C(CO)(C)O)O)=O
2,0.0,C(C(C(CO)O)(C(CO)(C)O)O)=O
2,0.0,C1(CC(OC1(CO)C(CO)O)O)=O
2,0.0,C(C)(C1(CO)C(C(C(O1)O)O)O)=O
2,0.0,C1(CC(C(OC1(CO)CO)O)O)=O
2,0.0,C(C1(CO)C(CC(CO)(O1)O)O)=O
2,0.0,C(C1(CO)C(C(C(C)(O1)O)O)O)=O
2,0.0,C(C1(CO)C(C(CC(O1)O)O)O)=O
2,0.0,C1(CC(C(C(C=O)O)O1)O)=O
2,0.0,C1(CC(C(C(C=O)O1)O)O)=O
2,0.0,C1(C(C(C=O)OCC1)O)=O
2,0.0,C(C(C1C(CCO1)=O)O)=O
2,0.0,C(C1C(CC(CO)O1)=O)=O
2,0.0,C(C(C1CC(CO1)=O)O)=O
2,0.0,C(C(C1CC(C(O)(O)O1)O)O)O
2,0.0,C(C1C2C(CC(O)(O1)O2)O)O
2,0.0,C1C(C2C(CC(O)(O2)O1)O)O
2,0.0,C(C1C2C(C(C(O)(O2)O1)O)O)O
2,0.0,C(C(C1C(CC(O)(O)O1)O)O)=O
2,0.0,C1C(C(C(O)(O)O1)O)O
2,0.0,C(C1C(CC(C(O)(O)O1)O)O)O
2,0.0,C1C2C(C(CC(O)(O2)O1)O)O
2,0.0,C(C1C(C(CC(O1)(O)O)O)O)=O
2,0.0,C1C(C(CC(C(O)(O)O1)O)O)O
2,0.0,C1C(C2C(C(C(O)(O2)O1)O)O)O
2,0.0,C1C2C(C(C(C(O)(O2)O1)O)O)O
2,0.0,C(C1C(C(C(C1O)O)O)O)O
2,0.0,C(C(C(C(CCO)O)O)O)(O)=O
2,0.0,C(C(C(C(CCO)O)O)O)O
2,0.0,CO
2,0.0,CCO
2,0.0,C(C(C(CC(CO)O)O)O)=O
2,0.0,C(C1(C(C(CC1O)O)O)O)O
2,0.0,C(C(C(CO)O)(C(CO)O)O)O
2,0.0,C(C1C(C(C(C1O)O)O)O)(O)=O
2,0.0,C(CC(C(C(C(O)=O)O)O)O)(O)=O
2,0.0,C(O)=O
2,0.0,C(C)(O)=O
2,0.0,C(C(CC(C(C=O)O)O)O)(O)=O
